Order ID,Date_Key,Country_Key,Product_Key,Channel_Key,Units Sold,Unit Price,Unit Cost,Total Revenue,Total Cost,Total Profit
478051030,20110912,11,2,1,4778,47.45,31.79,226716.1,151892.62,74823.48
919133651,20131014,7,4,2,927,109.28,35.84,101302.56,33223.68,68078.88
987410676,20140813,4,3,1,5616,205.7,117.11,1155211.2,657689.76,497521.44
672330081,20101031,8,9,2,6266,651.21,524.96,4080481.86,3289399.36,791082.5
579463422,20160928,13,6,2,4958,9.33,6.92,46258.14,34309.36,11948.78
313705861,20160529,32,6,1,1390,9.33,6.92,12968.7,9618.8,3349.9
552037513,20110708,11,3,2,9022,205.7,117.11,1855825.4,1056566.42,799258.98
744683635,20100213,27,12,1,7291,154.06,90.93,1123251.46,662970.63,460280.83
169378983,20140321,45,8,2,1860,421.89,364.69,784715.4,678323.4,106392.0
566428315,20120316,14,2,2,7581,47.45,31.79,359718.45,240999.99,118718.46
519380223,20150112,6,11,2,5005,152.58,97.44,763662.9,487687.2,275975.7
904589211,20140413,39,9,2,6905,651.21,524.96,4496605.05,3624848.8,871756.25
184412229,20150404,7,1,2,531,255.28,159.42,135553.68,84652.02,50901.66
747774398,20170308,33,8,1,1916,421.89,364.69,808341.24,698746.04,109595.2
194176757,20170710,38,7,2,72,668.27,502.54,48115.44,36182.88,11932.56
773645913,20110122,46,5,2,7873,437.2,263.33,3442075.6,2073197.09,1368878.51
410740888,20120724,7,8,2,6211,421.89,364.69,2620358.79,2265089.59,355269.2
847317397,20111215,24,8,1,8902,421.89,364.69,3755664.78,3246470.38,509194.4
599624192,20120903,40,2,2,978,47.45,31.79,46406.1,31090.62,15315.48
734318292,20140121,36,9,2,9956,651.21,524.96,6483446.76,5226501.76,1256945.0
232196319,20170707,35,7,1,905,668.27,502.54,604784.35,454798.7,149985.65
229693067,20120715,25,5,2,138,437.2,263.33,60333.6,36339.54,23994.06
121945512,20170408,47,2,2,5242,47.45,31.79,248732.9,166643.18,82089.72
169799983,20121022,42,6,2,6443,9.33,6.92,60113.19,44585.56,15527.63
894589078,20140311,29,12,2,7643,154.06,90.93,1177480.58,694977.99,482502.59
987459170,20100716,46,10,2,9967,81.73,56.67,814602.91,564829.89,249773.02
600515115,20150712,10,6,1,4622,9.33,6.92,43123.26,31984.24,11139.02
208365428,20151127,35,9,1,8815,651.21,524.96,5740416.15,4627522.4,1112893.75
263098371,20140608,31,10,2,5509,81.73,56.67,450250.57,312195.03,138055.54
790149009,20110523,13,5,2,1505,437.2,263.33,657986.0,396311.65,261674.35
100640618,20141008,34,3,2,650,205.7,117.11,133705.0,76121.5,57583.5
977324712,20110201,27,11,2,955,152.58,97.44,145713.9,93055.2,52658.7
510956799,20100907,27,11,2,2326,152.58,97.44,354901.08,226645.44,128255.64
120977771,20110323,3,6,2,8866,9.33,6.92,82719.78,61352.72,21367.06
476991450,20170311,8,11,1,1225,152.58,97.44,186910.5,119364.0,67546.5
973268353,20160605,12,2,2,589,47.45,31.79,27948.05,18724.31,9223.74
771674382,20130214,14,12,1,4453,154.06,90.93,686029.18,404911.29,281117.89
291995418,20100502,23,6,2,6788,9.33,6.92,63332.04,46972.96,16359.08
128686225,20110125,19,1,2,9968,255.28,159.42,2544631.04,1589098.56,955532.48
420875346,20120106,26,5,1,5223,437.2,263.33,2283495.6,1375372.59,908123.01
476633536,20121005,1,12,2,5310,154.06,90.93,818058.6,482838.3,335220.3
727997720,20140702,10,12,1,9558,154.06,90.93,1472505.48,869108.94,603396.54
467045819,20130311,30,10,2,8092,81.73,56.67,661359.16,458573.64,202785.52
813973891,20121101,23,5,1,1818,437.2,263.33,794829.6,478733.94,316095.66
576944720,20160930,1,5,1,9619,437.2,263.33,4205426.8,2532971.27,1672455.53
404789817,20150803,36,1,2,5157,255.28,159.42,1316478.96,822128.94,494350.02
871923768,20140430,7,1,2,474,255.28,159.42,121002.72,75565.08,45437.64
818976962,20121218,23,12,1,2337,154.06,90.93,360038.22,212503.41,147534.81
233811223,20170720,45,5,2,8792,437.2,263.33,3843862.4,2315197.36,1528665.04
112330758,20161215,26,9,1,22,651.21,524.96,14326.62,11549.12,2777.5
256095016,20140702,32,9,1,3061,651.21,524.96,1993353.81,1606902.56,386451.25
245440852,20151128,15,8,2,257,421.89,364.69,108425.73,93725.33,14700.4
817006289,20111022,43,6,2,9172,9.33,6.92,85574.76,63470.24,22104.52
298228013,20100920,44,12,2,1151,154.06,90.93,177323.06,104660.43,72662.63
972981679,20170315,24,11,2,5755,152.58,97.44,878097.9,560767.2,317330.7
594813811,20120608,34,10,1,7480,81.73,56.67,611340.4,423891.6,187448.8
176722657,20120908,13,4,2,5016,109.28,35.84,548148.48,179773.44,368375.04
466988742,20110816,29,10,1,1201,81.73,56.67,98157.73,68060.67,30097.06
615080583,20150811,36,3,2,4868,205.7,117.11,1001347.6,570091.48,431256.12
350977408,20101226,28,5,2,869,437.2,263.33,379926.8,228833.77,151093.03
701298367,20111208,18,10,1,8626,81.73,56.67,705002.98,488835.42,216167.56
309342658,20110225,22,10,2,222,81.73,56.67,18144.06,12580.74,5563.32
384128224,20100320,34,7,1,933,668.27,502.54,623495.91,468869.82,154626.09
990774810,20140117,33,7,1,1138,668.27,502.54,760491.26,571890.52,188600.74
394110763,20111226,6,12,1,4988,154.06,90.93,768451.28,453558.84,314892.44
899868094,20120302,23,6,2,9821,9.33,6.92,91629.93,67961.32,23668.61
361311852,20170106,17,1,1,9061,255.28,159.42,2313092.08,1444504.62,868587.46
930136287,20140520,19,2,2,6852,47.45,31.79,325127.4,217825.08,107302.32
179819428,20120505,8,5,2,1420,437.2,263.33,620824.0,373928.6,246895.4
291305768,20130105,7,6,2,2705,9.33,6.92,25237.65,18718.6,6519.05
602357041,20150424,38,10,2,9689,81.73,56.67,791881.97,549075.63,242806.34
653087270,20101202,1,11,2,1891,152.58,97.44,288528.78,184259.04,104269.74
812637078,20131215,42,6,1,6225,9.33,6.92,58079.25,43077.0,15002.25
456192958,20140719,28,10,2,6489,81.73,56.67,530345.97,367731.63,162614.34
986449801,20130131,1,8,1,1272,421.89,364.69,536644.08,463885.68,72758.4
910610234,20170703,44,5,2,8659,437.2,263.33,3785714.8,2280174.47,1505540.33
696844613,20170303,34,8,2,661,421.89,364.69,278869.29,241060.09,37809.2
353415429,20101204,11,10,2,2334,81.73,56.67,190757.82,132267.78,58490.04
696197879,20100319,2,3,2,9278,205.7,117.11,1908484.6,1086546.58,821938.02
907349526,20120405,20,5,2,3743,437.2,263.33,1636439.6,985644.19,650795.41
386440074,20140405,35,10,1,5060,81.73,56.67,413553.8,286750.2,126803.6
800352561,20120928,14,12,2,963,154.06,90.93,148359.78,87565.59,60794.19
714165675,20140108,35,2,1,6348,47.45,31.79,301212.6,201802.92,99409.68
189924275,20130222,9,2,1,1668,47.45,31.79,79146.6,53025.72,26120.88
546081721,20130430,35,8,2,6571,421.89,364.69,2772239.19,2396377.99,375861.2
979073941,20100626,45,1,2,8591,255.28,159.42,2193110.48,1369577.22,823533.26
396718728,20100207,7,10,1,6742,81.73,56.67,551023.66,382069.14,168954.52
948075759,20101203,19,2,1,5540,47.45,31.79,262873.0,176116.6,86756.4
737736070,20121019,44,3,1,1352,205.7,117.11,278106.4,158332.72,119773.68
585362994,20100220,41,7,1,773,668.27,502.54,516572.71,388463.42,128109.29
850872075,20150718,11,1,1,810,255.28,159.42,206776.8,129130.2,77646.6
575583016,20121108,7,9,1,6660,651.21,524.96,4337058.6,3496233.6,840825.0
515773189,20110201,23,8,1,7603,421.89,364.69,3207629.67,2772738.07,434891.6
351247346,20160329,31,10,2,750,81.73,56.67,61297.5,42502.5,18795.0
554721438,20160120,36,2,1,3256,47.45,31.79,154497.2,103508.24,50988.96
398333632,20100219,17,3,1,4629,205.7,117.11,952185.3,542102.19,410083.11
370484149,20151227,48,2,2,3348,47.45,31.79,158862.6,106432.92,52429.68
306839406,20130929,12,1,1,9454,255.28,159.42,2413417.12,1507156.68,906260.44
653548610,20170209,13,2,1,8412,47.45,31.79,399149.4,267417.48,131731.92
413078916,20121231,5,12,2,8086,154.06,90.93,1245729.16,735259.98,510469.18
307721745,20101214,22,11,2,558,152.58,97.44,85139.64,54371.52,30768.12
374663245,20111109,23,9,2,35,651.21,524.96,22792.35,18373.6,4418.75
901670968,20101116,21,12,1,3331,154.06,90.93,513173.86,302887.83,210286.03
353320157,20120819,32,5,1,4141,437.2,263.33,1810445.2,1090449.53,719995.67
645701968,20130620,34,3,1,6416,205.7,117.11,1319771.2,751377.76,568393.44
148894631,20130919,35,9,2,85,651.21,524.96,55352.85,44621.6,10731.25
443551385,20130403,44,1,2,5566,255.28,159.42,1420888.48,887331.72,533556.76
508014523,20140311,48,4,1,1642,109.28,35.84,179437.76,58849.28,120588.48
987767302,20120708,26,9,2,1150,651.21,524.96,748891.5,603704.0,145187.5
103832662,20120919,9,1,1,5247,255.28,159.42,1339454.16,836476.74,502977.42
445708739,20140219,29,10,2,3975,81.73,56.67,324876.75,225263.25,99613.5
354655683,20120724,28,2,1,9353,47.45,31.79,443799.85,297331.87,146467.98
624398362,20170630,5,9,1,2206,651.21,524.96,1436569.26,1158061.76,278507.5
264163959,20160905,25,2,2,840,47.45,31.79,39858.0,26703.6,13154.4
520915305,20111016,38,9,1,9270,651.21,524.96,6036716.7,4866379.2,1170337.5
424181544,20130205,3,3,2,3600,205.7,117.11,740520.0,421596.0,318924.0
560762631,20150703,47,9,2,979,651.21,524.96,637534.59,513935.84,123598.75
458816373,20150404,30,9,1,2815,651.21,524.96,1833156.15,1477762.4,355393.75
142987763,20130818,33,7,1,2112,668.27,502.54,1411386.24,1061364.48,350021.76
480904042,20100123,2,11,1,9048,152.58,97.44,1380543.84,881637.12,498906.72
571323239,20161207,3,12,2,6097,154.06,90.93,939303.82,554400.21,384903.61
281100928,20120916,22,11,2,2866,152.58,97.44,437294.28,279263.04,158031.24
659196269,20130426,9,7,2,9680,668.27,502.54,6468853.6,4864587.2,1604266.4
595496594,20121024,8,10,1,9530,81.73,56.67,778886.9,540065.1,238821.8
354931628,20100530,21,10,1,1011,81.73,56.67,82629.03,57293.37,25335.66
436969029,20111129,43,8,1,7701,421.89,364.69,3248974.89,2808477.69,440497.2
810752236,20160328,30,12,2,8458,154.06,90.93,1303039.48,769085.94,533953.54
886620128,20110708,22,9,1,9453,651.21,524.96,6155888.13,4962446.88,1193441.25
889093768,20100410,14,3,1,1458,205.7,117.11,299910.6,170746.38,129164.22
454550588,20110806,35,3,2,475,205.7,117.11,97707.5,55627.25,42080.25
926064479,20170218,4,9,2,1913,651.21,524.96,1245764.73,1004248.48,241516.25
413245427,20160629,2,6,1,7360,9.33,6.92,68668.8,50931.2,17737.6
884147775,20110918,14,2,2,7829,47.45,31.79,371486.05,248883.91,122602.14
328322827,20120630,2,5,2,6876,437.2,263.33,3006187.2,1810657.08,1195530.12
158673751,20140322,17,11,2,3944,152.58,97.44,601775.52,384303.36,217472.16
464911210,20140107,22,11,1,6413,152.58,97.44,978495.54,624882.72,353612.82
395562589,20101012,40,2,2,4615,47.45,31.79,218981.75,146710.85,72270.9
459372985,20120301,22,1,1,7529,255.28,159.42,1922003.12,1200273.18,721729.94
693210542,20120625,3,8,2,5259,421.89,364.69,2218719.51,1917904.71,300814.8
153974950,20110822,44,6,1,3464,9.33,6.92,32319.12,23970.88,8348.24
747327220,20140818,37,11,2,9587,152.58,97.44,1462784.46,934157.28,528627.18
166810500,20111010,7,4,2,1789,109.28,35.84,195501.92,64117.76,131384.16
386009633,20130331,26,10,1,7683,81.73,56.67,627931.59,435395.61,192535.98
993368613,20160208,17,10,1,8702,81.73,56.67,711214.46,493142.34,218072.12
405986297,20141209,17,1,2,9222,255.28,159.42,2354192.16,1470171.24,884020.92
476794040,20160204,8,2,2,2807,47.45,31.79,133192.15,89234.53,43957.62
380610454,20111221,40,8,1,9946,421.89,364.69,4196117.94,3627206.74,568911.2
455040681,20120201,15,12,1,5504,154.06,90.93,847946.24,500478.72,347467.52
917792117,20130910,20,4,2,3938,109.28,35.84,430344.64,141137.92,289206.72
728793370,20110627,1,5,1,5009,437.2,263.33,2189934.8,1319019.97,870914.83
185960614,20110420,4,6,1,8733,9.33,6.92,81478.89,60432.36,21046.53
445273578,20111129,14,9,1,5201,651.21,524.96,3386943.21,2730316.96,656626.25
359197413,20140126,16,1,2,3352,255.28,159.42,855698.56,534375.84,321322.72
853036296,20130514,37,10,1,1251,81.73,56.67,102244.23,70894.17,31350.06
567412793,20120321,45,6,1,8910,9.33,6.92,83130.3,61657.2,21473.1
139201343,20160827,21,5,1,1625,437.2,263.33,710450.0,427911.25,282538.75
183910119,20140609,46,5,2,1946,437.2,263.33,850791.2,512440.18,338351.02
922363460,20131107,27,4,2,6700,109.28,35.84,732176.0,240128.0,492048.0
192922341,20120402,4,2,1,8863,47.45,31.79,420549.35,281754.77,138794.58
792178905,20170603,31,3,2,2197,205.7,117.11,451922.9,257290.67,194632.23
424297845,20111220,40,2,2,8016,47.45,31.79,380359.2,254828.64,125530.56
243684327,20170523,21,1,2,462,255.28,159.42,117939.36,73652.04,44287.32
152505099,20120507,39,4,1,8503,109.28,35.84,929207.84,304747.52,624460.32
203036630,20150624,16,1,2,1905,255.28,159.42,486308.4,303695.1,182613.3
611791121,20160125,46,11,1,1443,152.58,97.44,220172.94,140605.92,79567.02
554554927,20120722,39,3,1,3981,205.7,117.11,818891.7,466214.91,352676.79
434275662,20120711,7,9,1,674,651.21,524.96,438915.54,353823.04,85092.5
835093390,20140727,17,10,1,1547,81.73,56.67,126436.31,87668.49,38767.82
976323497,20170206,9,2,2,4674,47.45,31.79,221781.3,148586.46,73194.84
732703387,20140109,26,2,2,2069,47.45,31.79,98174.05,65773.51,32400.54
873432672,20140910,42,7,2,6992,668.27,502.54,4672543.84,3513759.68,1158784.16
523580348,20110625,40,4,2,7915,109.28,35.84,864951.2,283673.6,581277.6
800045716,20170416,18,10,2,161,81.73,56.67,13158.53,9123.87,4034.66
743769109,20160510,29,12,2,6662,154.06,90.93,1026347.72,605775.66,420572.06
201294267,20130109,39,11,1,6302,152.58,97.44,961559.16,614066.88,347492.28
668280589,20130211,36,8,2,7932,421.89,364.69,3346431.48,2892721.08,453710.4
380379998,20170714,1,7,2,1749,668.27,502.54,1168804.23,878942.46,289861.77
767490565,20160116,33,4,2,6368,109.28,35.84,695895.04,228229.12,467665.92
720931279,20121030,20,11,1,8441,152.58,97.44,1287927.78,822491.04,465436.74
138025033,20130713,47,11,2,3529,152.58,97.44,538454.82,343865.76,194589.06
552931869,20160816,2,8,1,3682,421.89,364.69,1553398.98,1342788.58,210610.4
142375361,20140208,25,6,2,888,9.33,6.92,8285.04,6144.96,2140.08
916089236,20140627,6,5,1,17,437.2,263.33,7432.4,4476.61,2955.79
242265546,20111206,27,6,1,614,9.33,6.92,5728.62,4248.88,1479.74
265914475,20150112,29,5,2,8857,437.2,263.33,3872280.4,2332313.81,1539966.59
637040793,20150726,41,11,2,3382,152.58,97.44,516025.56,329542.08,186483.48
754541289,20141212,2,10,1,4390,81.73,56.67,358794.7,248781.3,110013.4
697638976,20150316,40,12,1,5731,154.06,90.93,882917.86,521119.83,361798.03
467312324,20160310,11,1,2,6956,255.28,159.42,1775727.68,1108925.52,666802.16
622441852,20120526,42,4,2,3231,109.28,35.84,353083.68,115799.04,237284.64
349212729,20160727,8,8,2,8662,421.89,364.69,3654411.18,3158944.78,495466.4
332353007,20101006,19,5,2,9495,437.2,263.33,4151214.0,2500318.35,1650895.65
876856458,20130808,41,8,1,166,421.89,364.69,70033.74,60538.54,9495.2
313178002,20131019,8,2,1,5185,47.45,31.79,246028.25,164831.15,81197.1
461445796,20160217,23,10,2,920,81.73,56.67,75191.6,52136.4,23055.2
391026866,20170103,43,5,1,2394,437.2,263.33,1046656.8,630412.02,416244.78
204418504,20150807,17,12,1,833,154.06,90.93,128331.98,75744.69,52587.29
524972951,20121222,37,8,1,17,421.89,364.69,7172.13,6199.73,972.4
469197165,20131127,24,2,2,4723,47.45,31.79,224106.35,150144.17,73962.18
688650786,20100623,44,7,1,5926,668.27,502.54,3960168.02,2978052.04,982115.98
823236739,20160617,28,9,2,2900,651.21,524.96,1888509.0,1522384.0,366125.0
439725911,20150317,3,6,1,3524,9.33,6.92,32878.92,24386.08,8492.84
255047452,20121001,10,11,2,3064,152.58,97.44,467505.12,298556.16,168948.96
662623488,20140626,29,8,1,3870,421.89,364.69,1632714.3,1411350.3,221364.0
560389268,20160122,39,12,1,492,154.06,90.93,75797.52,44737.56,31059.96
867138278,20110712,15,9,1,4341,651.21,524.96,2826902.61,2278851.36,548051.25
525321424,20141225,32,7,2,3138,668.27,502.54,2097031.26,1576970.52,520060.74
497554337,20140610,10,4,2,6240,109.28,35.84,681907.2,223641.6,458265.6
626322257,20160415,48,10,1,1529,81.73,56.67,124965.17,86648.43,38316.74
611766231,20110121,33,1,1,4077,255.28,159.42,1040776.56,649955.34,390821.22
630931794,20130303,32,1,1,5593,255.28,159.42,1427781.04,891636.06,536144.98
239386355,20170304,39,9,1,8597,651.21,524.96,5598452.37,4513081.12,1085371.25
874172532,20160821,17,7,1,5933,668.27,502.54,3964845.91,2981569.82,983276.09
570703542,20100919,20,10,1,2715,81.73,56.67,221896.95,153859.05,68037.9
132603538,20120920,19,5,2,9188,437.2,263.33,4016993.6,2419476.04,1597517.56
552276551,20110806,11,8,1,9759,421.89,364.69,4117224.51,3559009.71,558214.8
163587558,20160322,28,11,1,8048,152.58,97.44,1227963.84,784197.12,443766.72
415837943,20120110,2,1,1,4543,255.28,159.42,1159737.04,724245.06,435491.98
398645198,20140517,19,1,1,6828,255.28,159.42,1743051.84,1088519.76,654532.08
913074433,20131102,24,10,1,7870,81.73,56.67,643215.1,445992.9,197222.2
889125955,20140527,2,6,1,983,9.33,6.92,9171.39,6802.36,2369.03
263427960,20110806,4,6,1,3042,9.33,6.92,28381.86,21050.64,7331.22
730490243,20100712,25,8,2,7151,421.89,364.69,3016935.39,2607898.19,409037.2
905036389,20161101,35,3,2,9234,205.7,117.11,1899433.8,1081393.74,818040.06
381759297,20120304,32,4,2,9914,109.28,35.84,1083401.92,355317.76,728084.16
613166129,20110902,5,5,1,8338,437.2,263.33,3645373.6,2195645.54,1449728.06
181260526,20170503,46,9,1,7872,651.21,524.96,5126325.12,4132485.12,993840.0
264959609,20130901,16,11,2,6291,152.58,97.44,959880.78,612995.04,346885.74
475176560,20100731,29,6,2,4159,9.33,6.92,38803.47,28780.28,10023.19
194922626,20120123,3,1,1,791,255.28,159.42,201926.48,126101.22,75825.26
447684133,20160703,15,11,1,8538,152.58,97.44,1302728.04,831942.72,470785.32
527259910,20120104,25,10,2,6779,81.73,56.67,554047.67,384165.93,169881.74
879923617,20140810,19,1,2,7807,255.28,159.42,1992970.96,1244591.94,748379.02
279816472,20140309,36,11,1,2767,152.58,97.44,422188.86,269616.48,152572.38
593018233,20121105,10,11,2,6128,152.58,97.44,935010.24,597112.32,337897.92
349060380,20160916,28,1,2,3578,255.28,159.42,913391.84,570404.76,342987.08
863890445,20101218,24,7,1,3235,668.27,502.54,2161853.45,1625716.9,536136.55
667420995,20100116,3,10,2,3559,81.73,56.67,290877.07,201688.53,89188.54
842687690,20110410,32,12,1,8869,154.06,90.93,1366358.14,806458.17,559899.97
772893178,20120102,39,2,1,5122,47.45,31.79,243038.9,162828.38,80210.52
789484250,20110705,11,11,2,4789,152.58,97.44,730705.62,466640.16,264065.46
336111962,20120524,48,10,1,1854,81.73,56.67,151527.42,105066.18,46461.24
821131742,20151209,39,7,1,9985,668.27,502.54,6672675.95,5017861.9,1654814.05
679108560,20140427,25,7,2,2169,668.27,502.54,1449477.63,1090009.26,359468.37
129875409,20110419,26,10,1,1875,81.73,56.67,153243.75,106256.25,46987.5
155914723,20150312,21,6,1,7486,9.33,6.92,69844.38,51803.12,18041.26
753166282,20111009,43,6,2,7495,9.33,6.92,69928.35,51865.4,18062.95
443347108,20150320,2,3,1,5116,205.7,117.11,1052361.2,599134.76,453226.44
527509677,20130619,20,9,2,691,651.21,524.96,449986.11,362747.36,87238.75
416953313,20160920,21,2,1,4606,47.45,31.79,218554.7,146424.74,72129.96
639126908,20110330,7,3,2,710,205.7,117.11,146047.0,83148.1,62898.9
879405200,20140603,5,2,2,4396,47.45,31.79,208590.2,139748.84,68841.36
844105184,20100317,42,2,1,8337,47.45,31.79,395590.65,265033.23,130557.42
127838218,20130920,33,6,1,9024,9.33,6.92,84193.92,62446.08,21747.84
881717050,20101122,6,11,2,8524,152.58,97.44,1300591.92,830578.56,470013.36
905509746,20151013,28,7,1,9311,668.27,502.54,6222261.97,4679149.94,1543112.03
720878922,20120622,25,1,2,2948,255.28,159.42,752565.44,469970.16,282595.28
306256616,20121114,22,10,1,6993,81.73,56.67,571537.89,396293.31,175244.58
392252957,20150104,43,3,1,5222,205.7,117.11,1074165.4,611548.42,462616.98
746563756,20140314,34,5,1,3661,437.2,263.33,1600589.2,964051.13,636538.07
129902875,20140321,8,7,2,2,668.27,502.54,1336.54,1005.08,331.46
595395314,20140510,39,2,1,9559,47.45,31.79,453574.55,303880.61,149693.94
272425591,20110304,12,6,2,5641,9.33,6.92,52630.53,39035.72,13594.81
596166074,20131127,17,1,1,7644,255.28,159.42,1951360.32,1218606.48,732753.84
906345736,20121018,33,2,1,6699,47.45,31.79,317867.55,212961.21,104906.34
385340154,20120226,17,5,1,9569,437.2,263.33,4183566.8,2519804.77,1663762.03
679039466,20120603,44,5,1,1723,437.2,263.33,753295.6,453717.59,299578.01
587799727,20110215,39,1,1,1856,255.28,159.42,473799.68,295883.52,177916.16
341398274,20170122,16,11,1,6191,152.58,97.44,944622.78,603251.04,341371.74
516994559,20150614,18,6,1,9034,9.33,6.92,84287.22,62515.28,21771.94
483981502,20100409,42,9,2,9736,651.21,524.96,6340180.56,5111010.56,1229170.0
549187934,20150530,41,5,2,5769,437.2,263.33,2522206.8,1519150.77,1003056.03
989403665,20150422,28,4,2,5386,109.28,35.84,588582.08,193034.24,395547.84
516635358,20120125,26,7,2,2738,668.27,502.54,1829723.26,1375954.52,453768.74
173122918,20150608,5,4,1,9773,109.28,35.84,1067993.44,350264.32,717729.12
357482516,20140714,21,2,2,5875,47.45,31.79,278768.75,186766.25,92002.5
756252324,20100118,42,6,2,723,9.33,6.92,6745.59,5003.16,1742.43
926763570,20161116,31,4,1,8790,109.28,35.84,960571.2,315033.6,645537.6
107651269,20131028,9,7,2,5258,668.27,502.54,3513763.66,2642355.32,871408.34
425547969,20100819,2,2,2,7955,47.45,31.79,377464.75,252889.45,124575.3
264928710,20160124,13,4,1,7147,109.28,35.84,781024.16,256148.48,524875.68
861180341,20100113,2,2,1,1255,47.45,31.79,59549.75,39896.45,19653.3
580569350,20110610,21,2,1,2227,47.45,31.79,105671.15,70796.33,34874.82
559417665,20130225,40,12,1,2973,154.06,90.93,458020.38,270334.89,187685.49
184976994,20150821,25,7,2,7658,668.27,502.54,5117611.66,3848451.32,1269160.34
874349772,20131208,10,2,2,8383,47.45,31.79,397773.35,266495.57,131277.78
713009965,20161115,2,7,2,4348,668.27,502.54,2905637.96,2185043.92,720594.04
569941365,20161024,2,1,2,7170,255.28,159.42,1830357.6,1143041.4,687316.2
845067346,20100909,29,7,2,3062,668.27,502.54,2046242.74,1538777.48,507465.26
774926936,20141124,11,6,1,6956,9.33,6.92,64899.48,48135.52,16763.96
217920958,20110506,19,1,2,6509,255.28,159.42,1661617.52,1037664.78,623952.74
523836123,20130206,26,4,2,3605,109.28,35.84,393954.4,129203.2,264751.2
446019017,20111106,46,12,2,5794,154.06,90.93,892623.64,526848.42,365775.22
475992381,20110514,27,4,2,5578,109.28,35.84,609563.84,199915.52,409648.32
410514724,20170301,40,9,1,9284,651.21,524.96,6045833.64,4873728.64,1172105.0
938209950,20100314,17,10,1,6028,81.73,56.67,492668.44,341606.76,151061.68
747955071,20160927,46,4,1,5382,109.28,35.84,588144.96,192890.88,395254.08
923160398,20170514,2,4,1,2531,109.28,35.84,276587.68,90711.04,185876.64
754227149,20121020,31,9,2,1429,651.21,524.96,930579.09,750167.84,180411.25
357943856,20130224,34,1,1,2396,255.28,159.42,611650.88,381970.32,229680.56
815917098,20110128,21,5,2,6856,437.2,263.33,2997443.2,1805390.48,1192052.72
626011979,20110102,31,4,1,9711,109.28,35.84,1061218.08,348042.24,713175.84
640295922,20150401,7,1,2,6647,255.28,159.42,1696846.16,1059664.74,637181.42
653920686,20100111,37,11,2,8517,152.58,97.44,1299523.86,829896.48,469627.38
994504153,20170110,44,6,2,4734,9.33,6.92,44168.22,32759.28,11408.94
920011270,20170509,11,8,1,634,421.89,364.69,267478.26,231213.46,36264.8
523707807,20131125,7,12,2,5633,154.06,90.93,867819.98,512208.69,355611.29
791692674,20131017,6,6,2,8310,9.33,6.92,77532.3,57505.2,20027.1
715863835,20120107,44,12,2,8872,154.06,90.93,1366820.32,806730.96,560089.36
694914710,20100823,1,5,1,9560,437.2,263.33,4179632.0,2517434.8,1662197.2
525472486,20151121,28,1,2,7840,255.28,159.42,2001395.2,1249852.8,751542.4
496826493,20121028,16,6,2,855,9.33,6.92,7977.15,5916.6,2060.55
940682303,20100101,25,3,2,7652,205.7,117.11,1574016.4,896125.72,677890.68
381774747,20141006,34,6,1,4486,9.33,6.92,41854.38,31043.12,10811.26
934718358,20151202,21,12,2,2789,154.06,90.93,429673.34,253603.77,176069.57
741690289,20120323,37,8,1,1494,421.89,364.69,630303.66,544846.86,85456.8
393842971,20100112,40,4,1,5742,109.28,35.84,627485.76,205793.28,421692.48
143414771,20120521,21,7,1,8473,668.27,502.54,5662251.71,4258021.42,1404230.29
272361218,20100626,36,11,1,6592,152.58,97.44,1005807.36,642324.48,363482.88
146349751,20170501,26,12,2,6999,154.06,90.93,1078265.94,636419.07,441846.87
104190576,20170222,16,8,1,1162,421.89,364.69,490236.18,423769.78,66466.4
332268464,20131106,35,3,2,4477,205.7,117.11,920918.9,524301.47,396617.43
459277713,20131115,43,8,2,9336,421.89,364.69,3938765.04,3404745.84,534019.2
665786778,20100724,37,6,1,9958,9.33,6.92,92908.14,68909.36,23998.78
917485272,20100901,24,1,2,3136,255.28,159.42,800558.08,499941.12,300616.96
547225844,20120428,21,10,1,5143,81.73,56.67,420337.39,291453.81,128883.58
869291770,20150719,45,7,1,1607,668.27,502.54,1073909.89,807581.78,266328.11
709276759,20170112,37,4,1,9610,109.28,35.84,1050180.8,344422.4,705758.4
877062451,20121009,1,2,2,1124,47.45,31.79,53333.8,35731.96,17601.84
111893022,20161028,42,1,2,486,255.28,159.42,124066.08,77478.12,46587.96
397874438,20141029,41,2,2,8743,47.45,31.79,414855.35,277939.97,136915.38
520777547,20100302,8,4,1,8504,109.28,35.84,929317.12,304783.36,624533.76
672856652,20140627,48,7,2,2091,668.27,502.54,1397352.57,1050811.14,346541.43
353383243,20140515,23,9,2,2809,651.21,524.96,1829248.89,1474612.64,354636.25
354667699,20121121,9,9,1,2908,651.21,524.96,1893718.68,1526583.68,367135.0
214292466,20120320,45,11,2,2758,152.58,97.44,420815.64,268739.52,152076.12
655287110,20150218,36,7,1,2873,668.27,502.54,1919939.71,1443797.42,476142.29
295787847,20150118,25,1,2,9052,255.28,159.42,2310794.56,1443069.84,867724.72
263852393,20120610,23,1,1,8641,255.28,159.42,2205874.48,1377548.22,828326.26
578666484,20130324,38,6,1,9127,9.33,6.92,85154.91,63158.84,21996.07
597839343,20140618,12,10,1,2802,81.73,56.67,229007.46,158789.34,70218.12
299335229,20111212,37,5,1,8801,437.2,263.33,3847797.2,2317567.33,1530229.87
700069701,20160110,48,12,1,5037,154.06,90.93,776000.22,458014.41,317985.81
741866242,20100728,46,7,2,3562,668.27,502.54,2380377.74,1790047.48,590330.26
211344611,20100301,8,11,1,422,152.58,97.44,64388.76,41119.68,23269.08
625751483,20150929,39,10,1,2624,81.73,56.67,214459.52,148702.08,65757.44
665817677,20150926,40,6,2,9102,9.33,6.92,84921.66,62985.84,21935.82
996754205,20100920,38,1,1,574,255.28,159.42,146530.72,91507.08,55023.64
734189975,20141110,17,3,2,1984,205.7,117.11,408108.8,232346.24,175762.56
935789954,20101003,5,2,2,9898,47.45,31.79,469660.1,314657.42,155002.68
104008615,20110123,17,3,2,7315,205.7,117.11,1504695.5,856659.65,648035.85
122967326,20170324,5,2,2,7619,47.45,31.79,361521.55,242208.01,119313.54
305616748,20100606,32,3,1,7642,205.7,117.11,1571959.4,894954.62,677004.78
243070638,20110505,29,9,1,8858,651.21,524.96,5768418.18,4650095.68,1118322.5
505867040,20100504,8,4,1,6153,109.28,35.84,672399.84,220523.52,451876.32
637188422,20140320,15,5,2,7069,437.2,263.33,3090566.8,1861479.77,1229087.03
518421494,20161022,39,3,2,1296,205.7,117.11,266587.2,151774.56,114812.64
104245078,20130327,47,6,1,7290,9.33,6.92,68015.7,50446.8,17568.9
386319911,20101216,43,12,2,9501,154.06,90.93,1463724.06,863925.93,599798.13
740300261,20160317,10,1,2,153,255.28,159.42,39057.84,24391.26,14666.58
747826755,20170717,28,9,1,7410,651.21,524.96,4825466.1,3889953.6,935512.5
215540015,20121221,37,10,1,1935,81.73,56.67,158147.55,109656.45,48491.1
975080668,20170723,23,12,1,6893,154.06,90.93,1061935.58,626780.49,435155.09
638041150,20121009,7,1,2,9410,255.28,159.42,2402184.8,1500142.2,902042.6
583089339,20100522,18,5,2,7948,437.2,263.33,3474865.6,2092946.84,1381918.76
118086564,20160219,34,11,2,3293,152.58,97.44,502445.94,320869.92,181576.02
296073234,20150427,29,1,1,3504,255.28,159.42,894501.12,558607.68,335893.44
968185460,20130109,35,11,2,6448,152.58,97.44,983835.84,628293.12,355542.72
364854514,20120913,23,1,1,7413,255.28,159.42,1892390.64,1181780.46,710610.18
980961358,20130906,27,5,2,7120,437.2,263.33,3112864.0,1874909.6,1237954.4
601886260,20140409,15,6,1,374,9.33,6.92,3489.42,2588.08,901.34
321628463,20110427,35,7,2,5864,668.27,502.54,3918735.28,2946894.56,971840.72
944609057,20140130,36,8,2,9666,421.89,364.69,4077988.74,3525093.54,552895.2
310588920,20121214,29,5,1,9018,437.2,263.33,3942669.6,2374709.94,1567959.66
251208674,20150602,3,8,1,7084,421.89,364.69,2988668.76,2583463.96,405204.8
488316380,20151031,18,6,2,2523,9.33,6.92,23539.59,17459.16,6080.43
263647687,20120323,48,4,2,8064,109.28,35.84,881233.92,289013.76,592220.16
653800523,20140419,45,10,1,2958,81.73,56.67,241757.34,167629.86,74127.48
684239947,20130824,44,5,2,661,437.2,263.33,288989.2,174061.13,114928.07
133276450,20160127,48,10,2,8318,81.73,56.67,679830.14,471381.06,208449.08
838895261,20140217,30,10,1,6605,81.73,56.67,539826.65,374305.35,165521.3
198537814,20111126,12,8,2,606,421.89,364.69,255665.34,221002.14,34663.2
885397469,20151010,42,8,2,7642,421.89,364.69,3224083.38,2786960.98,437122.4
302744853,20141016,19,10,1,7785,81.73,56.67,636268.05,441175.95,195092.1
975823962,20140311,18,9,2,6850,651.21,524.96,4460788.5,3595976.0,864812.5
860104024,20131227,12,5,1,2749,437.2,263.33,1201862.8,723894.17,477968.63
378714883,20121116,32,5,1,9005,437.2,263.33,3936986.0,2371286.65,1565699.35
131585586,20170313,15,10,1,7954,81.73,56.67,650080.42,450753.18,199327.24
588528859,20110911,18,10,2,7623,81.73,56.67,623027.79,431995.41,191032.38
796418511,20170212,28,8,2,6791,421.89,364.69,2865054.99,2476609.79,388445.2
526018369,20110603,23,5,2,9379,437.2,263.33,4100498.8,2469772.07,1630726.73
122144210,20170427,32,2,1,4041,47.45,31.79,191745.45,128463.39,63282.06
644592607,20160706,5,9,1,8131,651.21,524.96,5294988.51,4268449.76,1026538.75
598404109,20141103,30,6,2,9929,9.33,6.92,92637.57,68708.68,23928.89
577530944,20120422,11,10,2,3095,81.73,56.67,252954.35,175393.65,77560.7
182078921,20160112,14,6,1,54,9.33,6.92,503.82,373.68,130.14
302015721,20140322,40,1,2,2018,255.28,159.42,515155.04,321709.56,193445.48
233709084,20140928,24,4,1,8566,109.28,35.84,936092.48,307005.44,629087.04
966800153,20100825,13,8,1,6505,421.89,364.69,2744394.45,2372308.45,372086.0
380498874,20140424,8,4,2,6927,109.28,35.84,756982.56,248263.68,508718.88
595385873,20111207,27,10,1,6765,81.73,56.67,552903.45,383372.55,169530.9
361659038,20120630,27,3,2,1801,205.7,117.11,370465.7,210915.11,159550.59
328721082,20161214,23,1,2,4728,255.28,159.42,1206963.84,753737.76,453226.08
184120833,20141027,12,4,1,4301,109.28,35.84,470013.28,154147.84,315865.44
933720576,20160814,25,12,1,7523,154.06,90.93,1158993.38,684066.39,474926.99
765101468,20140314,24,5,2,9382,437.2,263.33,4101810.4,2470562.06,1631248.34
516460692,20120903,3,7,1,1051,668.27,502.54,702351.77,528169.54,174182.23
783594977,20170425,46,8,1,2022,421.89,364.69,853061.58,737403.18,115658.4
406270396,20160403,37,11,2,3293,152.58,97.44,502445.94,320869.92,181576.02
805095136,20100113,23,12,2,4396,154.06,90.93,677247.76,399728.28,277519.48
985417258,20111001,47,3,2,5720,205.7,117.11,1176604.0,669869.2,506734.8
443125665,20130615,40,3,1,9586,205.7,117.11,1971840.2,1122616.46,849223.74
931477820,20140623,6,2,2,3841,47.45,31.79,182255.45,122105.39,60150.06
387098824,20131223,47,10,1,9999,81.73,56.67,817218.27,566643.33,250574.94
595922315,20120812,12,8,1,5510,421.89,364.69,2324613.9,2009441.9,315172.0
653909957,20160323,41,9,2,5342,651.21,524.96,3478763.82,2804336.32,674427.5
103435266,20120811,40,2,1,7648,47.45,31.79,362897.6,243129.92,119767.68
863202941,20161212,44,8,1,9787,421.89,364.69,4129037.43,3569221.03,559816.4
396552217,20140308,10,4,1,7468,109.28,35.84,816103.04,267653.12,548449.92
801352488,20150506,47,5,1,6864,437.2,263.33,3000940.8,1807497.12,1193443.68
479234206,20111007,27,6,2,4906,9.33,6.92,45772.98,33949.52,11823.46
627003753,20100219,37,8,1,3199,421.89,364.69,1349626.11,1166643.31,182982.8
393709933,20170312,15,6,1,6373,9.33,6.92,59460.09,44101.16,15358.93
136624276,20160220,24,2,1,9014,47.45,31.79,427714.3,286555.06,141159.24
251823222,20100903,47,4,2,8942,109.28,35.84,977181.76,320481.28,656700.48
200354850,20140401,28,1,1,8307,255.28,159.42,2120610.96,1324301.94,796309.02
692757356,20170502,17,8,1,1151,421.89,364.69,485595.39,419758.19,65837.2
651895511,20121012,25,1,1,9223,255.28,159.42,2354447.44,1470330.66,884116.78
156158483,20160626,26,4,1,9620,109.28,35.84,1051273.6,344780.8,706492.8
703966844,20131118,40,11,1,8288,152.58,97.44,1264583.04,807582.72,457000.32
736240041,20170211,42,7,1,8644,668.27,502.54,5776525.88,4343955.76,1432570.12
357434880,20150522,32,5,2,1779,437.2,263.33,777778.8,468464.07,309314.73
358624064,20150815,38,4,1,3685,109.28,35.84,402696.8,132070.4,270626.4
103762280,20111112,43,12,2,4419,154.06,90.93,680791.14,401819.67,278971.47
144743001,20130312,42,1,1,1525,255.28,159.42,389302.0,243115.5,146186.5
439204919,20170211,20,2,2,9350,47.45,31.79,443657.5,297236.5,146421.0
114954173,20100203,29,6,1,6349,9.33,6.92,59236.17,43935.08,15301.09
238170993,20121222,34,2,1,8944,47.45,31.79,424392.8,284329.76,140063.04
134790503,20120402,22,4,2,6360,109.28,35.84,695020.8,227942.4,467078.4
409112679,20130330,32,12,2,4388,154.06,90.93,676015.28,399000.84,277014.44
727175891,20130719,22,8,1,6360,421.89,364.69,2683220.4,2319428.4,363792.0
638593900,20121026,44,5,2,2981,437.2,263.33,1303293.2,784986.73,518306.47
833473765,20130428,1,2,1,2264,47.45,31.79,107426.8,71972.56,35454.24
606224572,20140708,12,5,1,4177,437.2,263.33,1826184.4,1099929.41,726254.99
325314033,20120106,10,4,2,6506,109.28,35.84,710975.68,233175.04,477800.64
159805858,20121119,23,8,1,8959,421.89,364.69,3779712.51,3267257.71,512454.8
722248780,20120406,45,11,2,8319,152.58,97.44,1269313.02,810603.36,458709.66
399115979,20150601,43,12,2,6142,154.06,90.93,946236.52,558492.06,387744.46
792792594,20151125,23,7,1,3801,668.27,502.54,2540094.27,1910154.54,629939.73
626453149,20130524,36,5,1,263,437.2,263.33,114983.6,69255.79,45727.81
737095344,20130731,3,11,1,1747,152.58,97.44,266557.26,170227.68,96329.58
708320605,20160918,39,6,1,6662,9.33,6.92,62156.46,46101.04,16055.42
433079183,20130305,26,9,1,6609,651.21,524.96,4303846.89,3469460.64,834386.25
604494225,20120522,16,10,1,2129,81.73,56.67,174003.17,120650.43,53352.74
707718932,20101230,28,6,2,8614,9.33,6.92,80368.62,59608.88,20759.74
656689155,20110624,44,7,1,7769,668.27,502.54,5191789.63,3904233.26,1287556.37
935907542,20160225,28,2,1,4695,47.45,31.79,222777.75,149254.05,73523.7
421660268,20150314,21,7,1,7498,668.27,502.54,5010688.46,3768044.92,1242643.54
447183310,20140822,39,5,1,334,437.2,263.33,146024.8,87952.22,58072.58
127694451,20111207,13,12,1,6481,154.06,90.93,998462.86,589317.33,409145.53
697617518,20120613,48,8,1,9381,421.89,364.69,3957750.09,3421156.89,536593.2
311688840,20150122,47,10,1,4509,81.73,56.67,368520.57,255525.03,112995.54
385080945,20151106,10,5,1,2864,437.2,263.33,1252140.8,754177.12,497963.68
309148681,20120423,43,7,1,2819,668.27,502.54,1883853.13,1416660.26,467192.87
630219399,20140221,40,1,1,4780,255.28,159.42,1220238.4,762027.6,458210.8
585677134,20120413,12,11,2,3734,152.58,97.44,569733.72,363840.96,205892.76
692704999,20161223,22,7,2,5657,668.27,502.54,3780403.39,2842868.78,937534.61
942454278,20110209,20,5,2,2019,437.2,263.33,882706.8,531663.27,351043.53
150293242,20150519,23,9,1,3965,651.21,524.96,2582047.65,2081466.4,500581.25
236042392,20131219,17,9,1,9044,651.21,524.96,5889543.24,4747738.24,1141805.0
314782178,20120615,22,1,1,9896,255.28,159.42,2526250.88,1577620.32,948630.56
193472945,20160727,6,5,1,1799,437.2,263.33,786522.8,473730.67,312792.13
434013879,20100927,31,5,1,3206,437.2,263.33,1401663.2,844235.98,557427.22
431240689,20150826,18,3,2,2558,205.7,117.11,526180.6,299567.38,226613.22
643259227,20120426,45,8,1,3555,421.89,364.69,1499818.95,1296472.95,203346.0
151312482,20170606,11,5,2,5581,437.2,263.33,2440013.2,1469644.73,970368.47
750047194,20120731,4,6,2,4487,9.33,6.92,41863.71,31050.04,10813.67
721318805,20151129,45,6,1,3118,9.33,6.92,29090.94,21576.56,7514.38
599997556,20120213,48,2,1,1465,47.45,31.79,69514.25,46572.35,22941.9
826677262,20161128,13,2,2,1027,47.45,31.79,48731.15,32648.33,16082.82
735445678,20110705,35,2,1,3574,47.45,31.79,169586.3,113617.46,55968.84
354270303,20121014,39,12,1,5310,154.06,90.93,818058.6,482838.3,335220.3
806662404,20101204,43,3,1,8186,205.7,117.11,1683860.2,958662.46,725197.74
933699119,20131113,33,10,1,1173,81.73,56.67,95869.29,66473.91,29395.38
726223170,20150627,45,1,1,4429,255.28,159.42,1130635.12,706071.18,424563.94
692555224,20150109,11,8,2,1336,421.89,364.69,563645.04,487225.84,76419.2
134121024,20110228,13,12,2,8246,154.06,90.93,1270378.76,749808.78,520569.98
660312926,20161218,13,4,1,123,109.28,35.84,13441.44,4408.32,9033.12
140461766,20140708,46,5,2,4613,437.2,263.33,2016803.6,1214741.29,802062.31
741964948,20110213,46,3,1,2771,205.7,117.11,569994.7,324511.81,245482.89
476453721,20170722,39,11,1,2099,152.58,97.44,320265.42,204526.56,115738.86
111496055,20110428,6,6,2,3015,9.33,6.92,28129.95,20863.8,7266.15
628515231,20151225,41,12,2,479,154.06,90.93,73794.74,43555.47,30239.27
601894414,20100302,41,9,1,2787,651.21,524.96,1814922.27,1463063.52,351858.75
954040992,20110714,7,11,1,785,152.58,97.44,119775.3,76490.4,43284.9
865824210,20140509,11,9,2,5479,651.21,524.96,3567979.59,2876255.84,691723.75
761887109,20160920,6,4,1,8181,109.28,35.84,894019.68,293207.04,600812.64
160578763,20150927,37,9,2,7679,651.21,524.96,5000641.59,4031167.84,969473.75
992992675,20110308,40,12,1,7454,154.06,90.93,1148363.24,677792.22,470571.02
231369769,20150509,41,4,2,6311,109.28,35.84,689666.08,226186.24,463479.84
852392995,20160328,26,5,2,884,437.2,263.33,386484.8,232783.72,153701.08
597105491,20120906,28,11,1,5639,152.58,97.44,860398.62,549464.16,310934.46
716054379,20160304,2,6,1,5258,9.33,6.92,49057.14,36385.36,12671.78
511712110,20150321,4,9,1,5839,651.21,524.96,3802415.19,3065241.44,737173.75
481308305,20140907,14,1,1,8678,255.28,159.42,2215319.84,1383446.76,831873.08
266638886,20140522,2,7,2,3227,668.27,502.54,2156507.29,1621696.58,534810.71
638314521,20120917,30,8,2,306,421.89,364.69,129098.34,111595.14,17503.2
811977040,20150415,45,5,2,905,437.2,263.33,395666.0,238313.65,157352.35
344160735,20101009,33,8,2,3664,421.89,364.69,1545804.96,1336224.16,209580.8
549058330,20170403,38,7,2,7416,668.27,502.54,4955890.32,3726836.64,1229053.68
969199979,20131112,18,8,2,6666,421.89,364.69,2812318.74,2431023.54,381295.2
956594026,20110522,43,1,1,6285,255.28,159.42,1604434.8,1001954.7,602480.1
712595832,20150324,46,2,2,1797,47.45,31.79,85267.65,57126.63,28141.02
748357188,20100626,22,1,1,4377,255.28,159.42,1117360.56,697781.34,419579.22
898211562,20130225,13,6,1,9616,9.33,6.92,89717.28,66542.72,23174.56
729373586,20140615,21,9,1,6707,651.21,524.96,4367665.47,3520906.72,846758.75
991761863,20111220,34,6,1,3229,9.33,6.92,30126.57,22344.68,7781.89
160751283,20111029,24,10,1,8732,81.73,56.67,713666.36,494842.44,218823.92
241392648,20170222,28,7,2,2304,668.27,502.54,1539694.08,1157852.16,381841.92
901789844,20150324,29,8,2,8509,421.89,364.69,3589862.01,3103147.21,486714.8
410229337,20161121,36,9,2,4832,651.21,524.96,3146646.72,2536606.72,610040.0
837906920,20170404,45,2,2,4133,47.45,31.79,196110.85,131388.07,64722.78
704361665,20160130,41,7,2,5124,668.27,502.54,3424215.48,2575014.96,849200.52
400267398,20130711,4,11,1,6873,152.58,97.44,1048682.34,669705.12,378977.22
531281936,20140519,15,8,2,6986,421.89,364.69,2947323.54,2547724.34,399599.2
900808799,20170620,18,5,2,8196,437.2,263.33,3583291.2,2158252.68,1425038.52
756395232,20150122,11,8,2,3013,421.89,364.69,1271154.57,1098810.97,172343.6
261187350,20121002,21,4,2,9996,109.28,35.84,1092362.88,358256.64,734106.24
188866841,20140516,42,4,1,8750,109.28,35.84,956200.0,313600.0,642600.0
709071195,20120618,10,7,2,8778,668.27,502.54,5866074.06,4411296.12,1454777.94
674060428,20121215,5,3,2,8315,205.7,117.11,1710395.5,973769.65,736625.85
284595954,20161027,39,5,1,7122,437.2,263.33,3113738.4,1875436.26,1238302.14
580314862,20160506,20,1,1,6918,255.28,159.42,1766027.04,1102867.56,663159.48
437604176,20130221,27,11,2,5655,152.58,97.44,862839.9,551023.2,311816.7
994978797,20141205,22,2,1,5192,47.45,31.79,246360.4,165053.68,81306.72
317006051,20170430,18,2,1,7990,47.45,31.79,379125.5,254002.1,125123.4
933642041,20120419,32,10,2,4282,81.73,56.67,349967.86,242660.94,107306.92
764592492,20160609,22,9,1,8764,651.21,524.96,5707204.44,4600749.44,1106455.0
931559789,20130625,19,4,1,8098,109.28,35.84,884949.44,290232.32,594717.12
682314765,20151126,17,2,1,956,47.45,31.79,45362.2,30391.24,14970.96
485165965,20161111,43,11,2,245,152.58,97.44,37382.1,23872.8,13509.3
601422345,20100304,33,2,2,3092,47.45,31.79,146715.4,98294.68,48420.72
999879729,20120331,1,7,1,5486,668.27,502.54,3666129.22,2756934.44,909194.78
246603858,20120305,24,5,1,4417,437.2,263.33,1931112.4,1163128.61,767983.79
291531503,20131023,41,2,2,9505,47.45,31.79,451012.25,302163.95,148848.3
483655774,20170718,23,3,1,3346,205.7,117.11,688272.2,391850.06,296422.14
840747058,20101210,3,10,2,4593,81.73,56.67,375385.89,260285.31,115100.58
205354487,20120212,7,5,1,7811,437.2,263.33,3414969.2,2056870.63,1358098.57
280192410,20110716,14,3,2,4016,205.7,117.11,826091.2,470313.76,355777.44
465753209,20110314,17,12,1,5579,154.06,90.93,859500.74,507298.47,352202.27
587846076,20110426,44,10,2,5572,81.73,56.67,455399.56,315765.24,139634.32
580342328,20110910,3,3,1,5046,205.7,117.11,1037962.2,590937.06,447025.14
877084767,20120421,45,8,2,7728,421.89,364.69,3260365.92,2818324.32,442041.6
709105527,20120429,34,4,2,8938,109.28,35.84,976744.64,320337.92,656406.72
614321839,20160523,39,8,2,339,421.89,364.69,143020.71,123629.91,19390.8
329529607,20110118,46,5,2,3988,437.2,263.33,1743553.6,1050160.04,693393.56
223869454,20100530,21,6,2,6801,9.33,6.92,63453.33,47062.92,16390.41
189108455,20120511,11,9,1,249,651.21,524.96,162151.29,130715.04,31436.25
452471768,20150114,44,6,1,5306,9.33,6.92,49504.98,36717.52,12787.46
174218118,20160430,17,3,1,3867,205.7,117.11,795441.9,452864.37,342577.53
820437371,20170528,17,8,2,4505,421.89,364.69,1900614.45,1642928.45,257686.0
410291135,20120206,42,10,1,3119,81.73,56.67,254915.87,176753.73,78162.14
174614226,20170624,2,1,1,1085,255.28,159.42,276978.8,172970.7,104008.1
118859469,20110602,48,11,1,2013,152.58,97.44,307143.54,196146.72,110996.82
669550883,20150730,5,5,1,3840,437.2,263.33,1678848.0,1011187.2,667660.8
439114367,20120617,47,10,2,2554,81.73,56.67,208738.42,144735.18,64003.24
582563626,20110131,30,7,2,2378,668.27,502.54,1589146.06,1195040.12,394105.94
943274819,20130208,24,11,2,4836,152.58,97.44,737876.88,471219.84,266657.04
313821303,20101205,19,9,2,5552,651.21,524.96,3615517.92,2914577.92,700940.0
431753098,20150902,41,2,2,4191,47.45,31.79,198862.95,133231.89,65631.06
969289243,20111228,7,7,2,3082,668.27,502.54,2059608.14,1548828.28,510779.86
861982858,20110717,34,11,1,8738,152.58,97.44,1333244.04,851430.72,481813.32
290317428,20160221,22,8,2,233,421.89,364.69,98300.37,84972.77,13327.6
105030000,20160602,42,4,1,9566,109.28,35.84,1045372.48,342845.44,702527.04
960213077,20150831,6,2,2,7242,47.45,31.79,343632.9,230223.18,113409.72
743619334,20140527,19,5,1,2341,437.2,263.33,1023485.2,616455.53,407029.67
263977277,20161215,21,9,1,5597,651.21,524.96,3644822.37,2938201.12,706621.25
819152915,20110423,32,9,1,4406,651.21,524.96,2869231.26,2312973.76,556257.5
980598723,20150813,15,10,1,9808,81.73,56.67,801607.84,555819.36,245788.48
974147260,20110518,2,4,1,677,109.28,35.84,73982.56,24263.68,49718.88
719404351,20111221,14,9,2,6589,651.21,524.96,4290822.69,3458961.44,831861.25
643770778,20150724,16,10,1,4934,81.73,56.67,403255.82,279609.78,123646.04
645309722,20161001,3,8,1,342,421.89,364.69,144286.38,124723.98,19562.4
469144809,20130720,29,3,1,9229,205.7,117.11,1898405.3,1080808.19,817597.11
821916663,20110720,34,5,2,2260,437.2,263.33,988072.0,595125.8,392946.2
835265910,20100827,4,7,1,2599,668.27,502.54,1736833.73,1306101.46,430732.27
195259082,20130926,18,7,2,356,668.27,502.54,237904.12,178904.24,58999.88
593158566,20120517,10,4,2,7656,109.28,35.84,836647.68,274391.04,562256.64
717833220,20140322,40,12,1,1657,154.06,90.93,255277.42,150671.01,104606.41
682066285,20130526,6,12,2,7426,154.06,90.93,1144049.56,675246.18,468803.38
412215459,20130124,18,3,2,2569,205.7,117.11,528443.3,300855.59,227587.71
152746713,20100502,7,9,1,2,651.21,524.96,1302.42,1049.92,252.5
715309798,20130106,22,3,2,4920,205.7,117.11,1012044.0,576181.2,435862.8
466517961,20100801,5,6,2,1886,9.33,6.92,17596.38,13051.12,4545.26
825065791,20110724,24,8,1,4157,421.89,364.69,1753796.73,1516016.33,237780.4
384976232,20150218,20,9,2,1877,651.21,524.96,1222321.17,985349.92,236971.25
467924726,20150918,19,9,1,8179,651.21,524.96,5326246.59,4293647.84,1032598.75
280477797,20111023,18,3,1,8468,205.7,117.11,1741867.6,991687.48,750180.12
774698626,20160312,8,6,2,9394,9.33,6.92,87646.02,65006.48,22639.54
652501904,20120221,42,3,2,8668,205.7,117.11,1783007.6,1015109.48,767898.12
688903129,20170531,8,7,2,600,668.27,502.54,400962.0,301524.0,99438.0
195171105,20140725,14,10,2,4322,81.73,56.67,353237.06,244927.74,108309.32
128766906,20110213,48,7,1,3844,668.27,502.54,2568829.88,1931763.76,637066.12
361725556,20160627,39,12,1,1485,154.06,90.93,228779.1,135031.05,93748.05
789760196,20161206,3,10,2,6447,81.73,56.67,526913.31,365351.49,161561.82
327072703,20131101,41,5,2,6936,437.2,263.33,3032419.2,1826456.88,1205962.32
130356919,20130918,45,12,2,4364,154.06,90.93,672317.84,396818.52,275499.32
636360585,20130205,36,3,1,2093,205.7,117.11,430530.1,245111.23,185418.87
123938930,20120724,5,2,2,5138,47.45,31.79,243798.1,163337.02,80461.08
770821654,20140726,23,9,1,2112,651.21,524.96,1375355.52,1108715.52,266640.0
692952191,20121214,47,5,2,8807,437.2,263.33,3850420.4,2319147.31,1531273.09
947507131,20130907,46,2,1,7271,47.45,31.79,345008.95,231145.09,113863.86
396462953,20160121,21,10,1,1053,81.73,56.67,86061.69,59673.51,26388.18
162791907,20110830,38,2,1,2598,47.45,31.79,123275.1,82590.42,40684.68
835341870,20170126,27,5,2,5077,437.2,263.33,2219664.4,1336926.41,882737.99
149274003,20130429,34,7,1,2350,668.27,502.54,1570434.5,1180969.0,389465.5
311956632,20170104,13,5,1,3755,437.2,263.33,1641686.0,988804.15,652881.85
920688903,20140505,46,1,1,1161,255.28,159.42,296380.08,185086.62,111293.46
434485948,20100925,39,10,2,2902,81.73,56.67,237180.46,164456.34,72724.12
316466176,20140522,13,1,1,8229,255.28,159.42,2100699.12,1311867.18,788831.94
101025998,20140718,23,7,2,4693,668.27,502.54,3136191.11,2358420.22,777770.89
547625386,20150925,27,10,1,3376,81.73,56.67,275920.48,191317.92,84602.56
394456660,20160131,32,6,2,7346,9.33,6.92,68538.18,50834.32,17703.86
104548490,20140101,23,1,2,7076,255.28,159.42,1806361.28,1128055.92,678305.36
687374913,20100110,18,3,2,8367,205.7,117.11,1721091.9,979859.37,741232.53
921693980,20121004,18,12,2,8586,154.06,90.93,1322759.16,780724.98,542034.18
829356467,20120829,32,7,2,3864,668.27,502.54,2582195.28,1941814.56,640380.72
322524106,20150520,11,3,1,905,205.7,117.11,186158.5,105984.55,80173.95
897638213,20140914,36,3,1,9950,205.7,117.11,2046715.0,1165244.5,881470.5
480652987,20170323,22,1,1,4755,255.28,159.42,1213856.4,758042.1,455814.3
340213811,20100620,15,9,2,5682,651.21,524.96,3700175.22,2982822.72,717352.5
826936471,20130320,20,1,2,7733,255.28,159.42,1974080.24,1232794.86,741285.38
477633464,20150514,34,5,2,1211,437.2,263.33,529449.2,318892.63,210556.57
849431836,20141125,24,8,2,4611,421.89,364.69,1945334.79,1681585.59,263749.2
844307315,20120708,47,1,2,8152,255.28,159.42,2081042.56,1299591.84,781450.72
414579665,20170620,14,11,2,2191,152.58,97.44,334302.78,213491.04,120811.74
569864976,20151018,45,3,1,4565,205.7,117.11,939020.5,534607.15,404413.35
783116900,20170226,47,4,2,548,109.28,35.84,59885.44,19640.32,40245.12
727821767,20160226,2,5,2,7489,437.2,263.33,3274190.8,1972078.37,1302112.43
631172120,20120315,16,8,1,6711,421.89,364.69,2831303.79,2447434.59,383869.2
859914767,20160511,39,9,1,6744,651.21,524.96,4391760.24,3540330.24,851430.0
575479590,20110204,2,11,2,6054,152.58,97.44,923719.32,589901.76,333817.56
352342545,20170219,43,11,1,4844,152.58,97.44,739097.52,471999.36,267098.16
972419059,20120722,42,3,2,9264,205.7,117.11,1905604.8,1084907.04,820697.76
217165648,20140520,43,8,1,2996,421.89,364.69,1263982.44,1092611.24,171371.2
764837539,20160906,12,1,2,1279,255.28,159.42,326503.12,203898.18,122604.94
870218312,20170319,24,6,1,5792,9.33,6.92,54039.36,40080.64,13958.72
513802516,20170702,43,9,2,4437,651.21,524.96,2889418.77,2329247.52,560171.25
638957822,20170531,41,2,2,673,47.45,31.79,31933.85,21394.67,10539.18
944247710,20141219,8,1,2,2736,255.28,159.42,698446.08,436173.12,262272.96
694771802,20130316,33,1,1,7270,255.28,159.42,1855885.6,1158983.4,696902.2
388728320,20120331,7,11,1,2203,152.58,97.44,336133.74,214660.32,121473.42
452559745,20140318,48,12,1,1340,154.06,90.93,206440.4,121846.2,84594.2
921230065,20160327,36,1,1,1303,255.28,159.42,332629.84,207724.26,124905.58
831143891,20160509,29,6,2,2802,9.33,6.92,26142.66,19389.84,6752.82
318523538,20151007,13,3,2,7048,205.7,117.11,1449773.6,825391.28,624382.32
970427358,20101026,3,8,1,9875,421.89,364.69,4166163.75,3601313.75,564850.0
195212733,20130718,13,3,1,6641,205.7,117.11,1366053.7,777727.51,588326.19
141875827,20110313,35,7,2,3065,668.27,502.54,2048247.55,1540285.1,507962.45
510762822,20111104,48,2,1,4924,47.45,31.79,233643.8,156533.96,77109.84
189667212,20120728,38,11,1,5598,152.58,97.44,854142.84,545469.12,308673.72
276784074,20150321,17,4,2,5413,109.28,35.84,591532.64,194001.92,397530.72
744583642,20100814,43,4,2,7701,109.28,35.84,841565.28,276003.84,565561.44
761724030,20150626,30,2,2,9923,47.45,31.79,470846.35,315452.17,155394.18
217248904,20120505,41,9,2,7633,651.21,524.96,4970685.93,4007019.68,963666.25
685596930,20160429,32,4,2,2222,109.28,35.84,242820.16,79636.48,163183.68
355534589,20150131,18,4,2,9440,109.28,35.84,1031603.2,338329.6,693273.6
456527268,20121201,6,9,1,5419,651.21,524.96,3528906.99,2844758.24,684148.75
461917865,20160215,32,1,1,616,255.28,159.42,157252.48,98202.72,59049.76
284435451,20130629,32,10,1,9625,81.73,56.67,786651.25,545448.75,241202.5
844575107,20140621,14,8,2,7397,421.89,364.69,3120720.33,2697611.93,423108.4
158479773,20150519,38,1,1,6542,255.28,159.42,1670041.76,1042925.64,627116.12
175723588,20140609,31,7,2,9370,668.27,502.54,6261689.9,4708799.8,1552890.1
690220630,20161104,33,7,2,477,668.27,502.54,318764.79,239711.58,79053.21
704139363,20170717,28,2,1,9340,47.45,31.79,443183.0,296918.6,146264.4
636278617,20140202,22,6,2,7837,9.33,6.92,73119.21,54232.04,18887.17
525749719,20120909,5,11,2,9880,152.58,97.44,1507490.4,962707.2,544783.2
481976497,20161027,37,6,2,6411,9.33,6.92,59814.63,44364.12,15450.51
168979442,20101022,39,8,2,3627,421.89,364.69,1530195.03,1322730.63,207464.4
570476520,20101220,1,7,2,5534,668.27,502.54,3698206.18,2781056.36,917149.82
144282948,20130713,14,3,2,5386,205.7,117.11,1107900.2,630754.46,477145.74
797202146,20131010,38,2,2,8685,47.45,31.79,412103.25,276096.15,136007.1
353492677,20160417,19,6,1,5193,9.33,6.92,48450.69,35935.56,12515.13
155086886,20140128,42,5,1,2511,437.2,263.33,1097809.2,661221.63,436587.57
113524663,20101029,38,5,2,3325,437.2,263.33,1453690.0,875572.25,578117.75
932475602,20131009,2,2,1,9107,47.45,31.79,432127.15,289511.53,142615.62
282917964,20150120,38,9,1,567,651.21,524.96,369236.07,297652.32,71583.75
775347936,20130627,9,1,1,1539,255.28,159.42,392875.92,245347.38,147528.54
980381143,20100918,8,1,1,5421,255.28,159.42,1383872.88,864215.82,519657.06
521874034,20100106,5,5,1,2979,437.2,263.33,1302418.8,784460.07,517958.73
186847674,20170416,20,5,2,1234,437.2,263.33,539504.8,324949.22,214555.58
117929494,20150124,48,6,1,6813,9.33,6.92,63565.29,47145.96,16419.33
786318385,20170711,33,2,1,7939,47.45,31.79,376705.55,252380.81,124324.74
178604066,20150920,4,7,2,1767,668.27,502.54,1180833.09,887988.18,292844.91
651247489,20140611,8,12,1,7459,154.06,90.93,1149133.54,678246.87,470886.67
492353856,20130320,10,7,2,7302,668.27,502.54,4879707.54,3669547.08,1210160.46
382581126,20130216,21,10,1,3112,81.73,56.67,254343.76,176357.04,77986.72
533314406,20100929,2,7,2,8439,668.27,502.54,5639530.53,4240935.06,1398595.47
949388539,20160918,38,11,2,4021,152.58,97.44,613524.18,391806.24,221717.94
122372519,20160110,36,2,1,1603,47.45,31.79,76062.35,50959.37,25102.98
298978602,20140116,15,4,1,3267,109.28,35.84,357017.76,117089.28,239928.48
691760861,20161227,5,4,1,6266,109.28,35.84,684748.48,224573.44,460175.04
447536504,20100414,40,8,1,4852,421.89,364.69,2047010.28,1769475.88,277534.4
469840466,20110113,35,12,1,5090,154.06,90.93,784165.4,462833.7,321331.7
418404281,20110302,3,11,1,3979,152.58,97.44,607115.82,387713.76,219402.06
516122949,20120118,4,11,2,1105,152.58,97.44,168600.9,107671.2,60929.7
208238399,20150829,1,5,1,1224,437.2,263.33,535132.8,322315.92,212816.88
526533353,20161202,16,6,2,1775,9.33,6.92,16560.75,12283.0,4277.75
643027484,20110511,20,8,2,4977,421.89,364.69,2099746.53,1815062.13,284684.4
327604424,20130421,19,2,2,4284,47.45,31.79,203275.8,136188.36,67087.44
219451320,20140618,46,8,1,9377,421.89,364.69,3956062.53,3419698.13,536364.4
575758969,20110315,15,10,2,8729,81.73,56.67,713421.17,494672.43,218748.74
602264344,20141204,29,9,1,2258,651.21,524.96,1470432.18,1185359.68,285072.5
791890084,20141122,6,3,1,6728,205.7,117.11,1383949.6,787916.08,596033.52
249606645,20120629,25,6,1,3008,9.33,6.92,28064.64,20815.36,7249.28
497466361,20150408,6,7,1,206,668.27,502.54,137663.62,103523.24,34140.38
839437711,20141223,5,4,1,7128,109.28,35.84,778947.84,255467.52,523480.32
549048888,20141031,27,9,2,4622,651.21,524.96,3009892.62,2426365.12,583527.5
427432811,20151203,14,11,2,5722,152.58,97.44,873062.76,557551.68,315511.08
582836139,20140331,2,9,2,3020,651.21,524.96,1966654.2,1585379.2,381275.0
719730079,20120408,33,4,1,2979,109.28,35.84,325545.12,106767.36,218777.76
837608659,20120421,8,7,2,5871,668.27,502.54,3923413.17,2950412.34,973000.83
930670154,20170226,34,8,2,4835,421.89,364.69,2039838.15,1763276.15,276562.0
684853637,20120215,36,4,1,2265,109.28,35.84,247519.2,81177.6,166341.6
930457293,20130620,32,3,1,1845,205.7,117.11,379516.5,216067.95,163448.55
343185698,20130307,13,9,1,5129,651.21,524.96,3340056.09,2692519.84,647536.25
174935233,20160726,15,5,2,6078,437.2,263.33,2657301.6,1600519.74,1056781.86
904812800,20111009,37,6,1,3069,9.33,6.92,28633.77,21237.48,7396.29
438683927,20110613,37,10,2,5177,81.73,56.67,423116.21,293380.59,129735.62
303534495,20110813,20,6,1,1457,9.33,6.92,13593.81,10082.44,3511.37
775008904,20131126,25,1,2,1212,255.28,159.42,309399.36,193217.04,116182.32
471348512,20140816,18,6,2,1354,9.33,6.92,12632.82,9369.68,3263.14
302442729,20121223,29,1,1,8379,255.28,159.42,2138991.12,1335780.18,803210.94
987050187,20120412,28,12,2,8940,154.06,90.93,1377296.4,812914.2,564382.2
641537463,20151102,8,9,2,4047,651.21,524.96,2635446.87,2124513.12,510933.75
512662255,20150515,11,7,1,7009,668.27,502.54,4683904.43,3522302.86,1161601.57
379900634,20101107,17,4,1,9895,109.28,35.84,1081325.6,354636.8,726688.8
243144452,20140614,16,3,2,701,205.7,117.11,144195.7,82094.11,62101.59
998043382,20100615,29,5,2,2070,437.2,263.33,905004.0,545093.1,359910.9
446045196,20151024,43,6,1,3540,9.33,6.92,33028.2,24496.8,8531.4
544284856,20141014,26,7,1,4839,668.27,502.54,3233758.53,2431791.06,801967.47
606118571,20141106,37,12,1,2809,154.06,90.93,432754.54,255422.37,177332.17
583654105,20101007,36,11,2,5075,152.58,97.44,774343.5,494508.0,279835.5
608451879,20140127,30,1,2,3287,255.28,159.42,839105.36,524013.54,315091.82
910886180,20150510,37,2,2,317,47.45,31.79,15041.65,10077.43,4964.22
820195758,20111105,48,11,1,3006,152.58,97.44,458655.48,292904.64,165750.84
378216636,20160628,26,4,2,1562,109.28,35.84,170695.36,55982.08,114713.28
539002406,20140721,12,4,2,1645,109.28,35.84,179765.6,58956.8,120808.8
659193694,20150531,40,9,2,8918,651.21,524.96,5807490.78,4681593.28,1125897.5
320431125,20150311,2,2,2,1545,47.45,31.79,73310.25,49115.55,24194.7
229355323,20111128,25,12,1,192,154.06,90.93,29579.52,17458.56,12120.96
949732291,20170705,28,2,1,5745,47.45,31.79,272600.25,182633.55,89966.7
871147000,20140812,39,7,2,611,668.27,502.54,408312.97,307051.94,101261.03
806197631,20100118,10,1,2,649,255.28,159.42,165676.72,103463.58,62213.14
926280772,20150705,26,2,1,5919,47.45,31.79,280856.55,188165.01,92691.54
936547410,20110108,18,12,1,4046,154.06,90.93,623326.76,367902.78,255423.98
498201072,20131029,42,5,2,7623,437.2,263.33,3332775.6,2007364.59,1325411.01
842725884,20150727,10,11,1,171,152.58,97.44,26091.18,16662.24,9428.94
343730294,20170501,24,9,2,6287,651.21,524.96,4094157.27,3300423.52,793733.75
636907756,20150226,16,12,2,4013,154.06,90.93,618242.78,364902.09,253340.69
444806230,20130216,11,3,2,6903,205.7,117.11,1419947.1,808410.33,611536.77
517097985,20170318,24,11,2,9640,152.58,97.44,1470871.2,939321.6,531549.6
642953670,20151027,33,2,1,3134,47.45,31.79,148708.3,99629.86,49078.44
265191352,20140818,40,11,1,4869,152.58,97.44,742912.02,474435.36,268476.66
129127395,20130616,24,9,2,520,651.21,524.96,338629.2,272979.2,65650.0
392518174,20110625,40,12,1,3705,154.06,90.93,570792.3,336895.65,233896.65
121380746,20161121,29,6,2,8115,9.33,6.92,75712.95,56155.8,19557.15
745467269,20140508,38,4,1,9186,109.28,35.84,1003846.08,329226.24,674619.84
948518216,20120407,8,8,1,6473,421.89,364.69,2730893.97,2360638.37,370255.6
163744628,20170417,14,9,1,4529,651.21,524.96,2949330.09,2377543.84,571786.25
706301438,20120123,18,7,1,9146,668.27,502.54,6111997.42,4596230.84,1515766.58
234082448,20140309,32,4,2,9053,109.28,35.84,989311.84,324459.52,664852.32
161607444,20120822,37,8,1,2089,421.89,364.69,881328.21,761837.41,119490.8
764483058,20140706,26,8,1,6380,421.89,364.69,2691658.2,2326722.2,364936.0
828993833,20140805,20,1,1,6552,255.28,159.42,1672594.56,1044519.84,628074.72
498946940,20151209,7,8,1,8342,421.89,364.69,3519406.38,3042243.98,477162.4
287151563,20140802,45,10,1,3383,81.73,56.67,276492.59,191714.61,84777.98
259006392,20130522,9,9,2,4602,651.21,524.96,2996868.42,2415865.92,581002.5
556647908,20120930,47,12,2,3341,154.06,90.93,514714.46,303797.13,210917.33
923922574,20110409,21,12,1,8076,154.06,90.93,1244188.56,734350.68,509837.88
742100560,20170104,39,11,1,2902,152.58,97.44,442787.16,282770.88,160016.28
605029380,20140212,15,6,1,493,9.33,6.92,4599.69,3411.56,1188.13
333304440,20170611,10,8,2,1046,421.89,364.69,441296.94,381465.74,59831.2
486345708,20140903,38,5,1,9357,437.2,263.33,4090880.4,2463978.81,1626901.59
180358016,20160430,29,2,2,800,47.45,31.79,37960.0,25432.0,12528.0
141846215,20120718,16,4,2,4302,109.28,35.84,470122.56,154183.68,315938.88
252541625,20170609,30,1,1,1534,255.28,159.42,391599.52,244550.28,147049.24
614597785,20140329,32,5,1,1997,437.2,263.33,873088.4,525870.01,347218.39
861976850,20110517,44,10,1,6960,81.73,56.67,568840.8,394423.2,174417.6
631463515,20120821,11,4,1,2942,109.28,35.84,321501.76,105441.28,216060.48
307305467,20130729,30,6,2,7371,9.33,6.92,68771.43,51007.32,17764.11
392676532,20110705,10,3,1,567,205.7,117.11,116631.9,66401.37,50230.53
111063039,20120526,27,1,2,4876,255.28,159.42,1244745.28,777331.92,467413.36
556263816,20111205,43,2,2,9679,47.45,31.79,459268.55,307695.41,151573.14
642123687,20110525,18,2,2,7523,47.45,31.79,356966.35,239156.17,117810.18
242168128,20100502,11,2,2,1785,47.45,31.79,84698.25,56745.15,27953.1
192236125,20170311,9,2,1,5796,47.45,31.79,275020.2,184254.84,90765.36
957926118,20160818,18,11,2,480,152.58,97.44,73238.4,46771.2,26467.2
646691596,20161114,4,2,2,9269,47.45,31.79,439814.05,294661.51,145152.54
115363156,20151204,46,9,1,7376,651.21,524.96,4803324.96,3872104.96,931220.0
922564303,20170317,48,7,1,6134,668.27,502.54,4099168.18,3082580.36,1016587.82
928168189,20110217,8,3,1,4448,205.7,117.11,914953.6,520905.28,394048.32
346498763,20110318,31,12,2,5539,154.06,90.93,853338.34,503661.27,349677.07
797316300,20161129,40,2,1,2466,47.45,31.79,117011.7,78394.14,38617.56
497506701,20150418,21,1,2,2144,255.28,159.42,547320.32,341796.48,205523.84
245556294,20100605,2,10,2,4419,81.73,56.67,361164.87,250424.73,110740.14
716411006,20140127,24,10,2,792,81.73,56.67,64730.16,44882.64,19847.52
186597907,20151101,25,9,2,7322,651.21,524.96,4768159.62,3843757.12,924402.5
848737466,20160515,3,12,2,9132,154.06,90.93,1406875.92,830372.76,576503.16
130754315,20131027,15,9,2,1962,651.21,524.96,1277674.02,1029971.52,247702.5
719293630,20110202,33,9,1,3824,651.21,524.96,2490227.04,2007447.04,482780.0
616775310,20110507,23,9,1,6375,651.21,524.96,4151463.75,3346620.0,804843.75
591287887,20100920,14,6,1,4080,9.33,6.92,38066.4,28233.6,9832.8
334539973,20100418,22,4,2,6667,109.28,35.84,728569.76,238945.28,489624.48
403665006,20160116,5,11,1,2300,152.58,97.44,350934.0,224112.0,126822.0
892042911,20110413,35,5,1,4175,437.2,263.33,1825310.0,1099402.75,725907.25
394356667,20160730,47,7,2,7756,668.27,502.54,5183102.12,3897700.24,1285401.88
752792918,20120429,34,6,1,7008,9.33,6.92,65384.64,48495.36,16889.28
760619390,20120302,7,12,2,3035,154.06,90.93,467572.1,275972.55,191599.55
343889510,20140219,46,2,2,3403,47.45,31.79,161472.35,108181.37,53290.98
398104035,20120625,29,1,1,6686,255.28,159.42,1706802.08,1065882.12,640919.96
631460940,20140925,42,8,1,2180,421.89,364.69,919720.2,795024.2,124696.0
489848029,20100501,30,11,1,5772,152.58,97.44,880691.76,562423.68,318268.08
797788369,20161127,48,9,2,2162,651.21,524.96,1407916.02,1134963.52,272952.5
430687510,20130605,47,10,2,8860,81.73,56.67,724127.8,502096.2,222031.6
667054498,20150211,36,10,2,5104,81.73,56.67,417149.92,289243.68,127906.24
666921460,20140914,12,3,2,5735,205.7,117.11,1179689.5,671625.85,508063.65
861252868,20140312,4,9,2,2717,651.21,524.96,1769337.57,1426316.32,343021.25
126948583,20170524,48,1,2,5762,255.28,159.42,1470923.36,918578.04,552345.32
353191840,20130608,13,4,1,6169,109.28,35.84,674148.32,221096.96,453051.36
259032571,20170509,6,12,2,2349,154.06,90.93,361886.94,213594.57,148292.37
517514264,20140803,16,8,1,2826,421.89,364.69,1192261.14,1030613.94,161647.2
624940383,20160302,47,5,1,2602,437.2,263.33,1137594.4,685184.66,452409.74
567751824,20111021,29,5,2,9236,437.2,263.33,4037979.2,2432115.88,1605863.32
262177836,20121206,43,6,1,3103,9.33,6.92,28950.99,21472.76,7478.23
582560193,20160525,9,7,2,1362,668.27,502.54,910183.74,684459.48,225724.26
139949357,20140701,23,12,2,2980,154.06,90.93,459098.8,270971.4,188127.4
470503079,20150309,1,4,1,1172,109.28,35.84,128076.16,42004.48,86071.68
413951814,20150510,4,2,1,6395,47.45,31.79,303442.75,203297.05,100145.7
433734500,20100819,17,9,1,532,651.21,524.96,346443.72,279278.72,67165.0
624348151,20121114,46,9,2,7347,651.21,524.96,4784439.87,3856881.12,927558.75
109914195,20120312,35,4,1,4908,109.28,35.84,536346.24,175902.72,360443.52
947073256,20100531,16,11,2,8878,152.58,97.44,1354605.24,865072.32,489532.92
409514796,20140724,7,10,2,3383,81.73,56.67,276492.59,191714.61,84777.98
182228696,20100531,24,9,2,4375,651.21,524.96,2849043.75,2296700.0,552343.75
723893725,20130213,7,7,2,5095,668.27,502.54,3404835.65,2560441.3,844394.35
392217338,20160312,34,11,1,4681,152.58,97.44,714226.98,456116.64,258110.34
108407437,20150219,37,1,1,9025,255.28,159.42,2303902.0,1438765.5,865136.5
358594453,20161220,20,11,1,4922,152.58,97.44,750998.76,479599.68,271399.08
784397923,20130603,12,11,1,9631,152.58,97.44,1469497.98,938444.64,531053.34
111246287,20170609,10,8,1,9103,421.89,364.69,3840464.67,3319773.07,520691.6
777018630,20160219,35,12,2,5935,154.06,90.93,914346.1,539669.55,374676.55
601588857,20130901,30,4,1,2366,109.28,35.84,258556.48,84797.44,173759.04
249039304,20140317,38,12,1,5119,154.06,90.93,788633.14,465470.67,323162.47
905947482,20151130,12,3,2,8847,205.7,117.11,1819827.9,1036072.17,783755.73
359893071,20110722,22,12,2,9212,154.06,90.93,1419200.72,837647.16,581553.56
284310567,20160720,35,5,1,2670,437.2,263.33,1167324.0,703091.1,464232.9
942372310,20120206,7,12,1,7763,154.06,90.93,1195967.78,705889.59,490078.19
604124295,20150316,28,8,2,2659,421.89,364.69,1121805.51,969710.71,152094.8
720229613,20150307,23,6,2,803,9.33,6.92,7491.99,5556.76,1935.23
967258059,20140731,4,10,2,2009,81.73,56.67,164195.57,113850.03,50345.54
520390880,20110610,35,3,1,4080,205.7,117.11,839256.0,477808.8,361447.2
623821580,20161015,7,6,1,1523,9.33,6.92,14209.59,10539.16,3670.43
273662412,20100720,8,8,2,1644,421.89,364.69,693587.16,599550.36,94036.8
941061675,20170308,23,12,1,9917,154.06,90.93,1527813.02,901752.81,626060.21
421456849,20131207,30,8,2,7302,421.89,364.69,3080640.78,2662966.38,417674.4
291160714,20120410,2,5,2,9780,437.2,263.33,4275816.0,2575367.4,1700448.6
724085128,20140121,16,6,1,1735,9.33,6.92,16187.55,12006.2,4181.35
742569196,20140930,27,12,2,1581,154.06,90.93,243568.86,143760.33,99808.53
760346877,20160729,35,7,2,2392,668.27,502.54,1598501.84,1202075.68,396426.16
260630738,20151105,30,5,2,5282,437.2,263.33,2309290.4,1390909.06,918381.34
462561166,20130402,43,8,2,983,421.89,364.69,414717.87,358490.27,56227.6
353475940,20141002,33,10,1,240,81.73,56.67,19615.2,13600.8,6014.4
432031619,20110605,3,2,2,6612,47.45,31.79,313739.4,210195.48,103543.92
104165685,20120219,3,7,2,3796,668.27,502.54,2536752.92,1907641.84,629111.08
762117564,20110226,46,10,2,6378,81.73,56.67,521273.94,361441.26,159832.68
918364179,20130310,14,11,1,3223,152.58,97.44,491765.34,314049.12,177716.22
913729751,20110418,16,8,2,1793,421.89,364.69,756448.77,653889.17,102559.6
196346127,20110228,3,11,2,2037,152.58,97.44,310805.46,198485.28,112320.18
553107821,20141221,10,10,2,5751,81.73,56.67,470029.23,325909.17,144120.06
591774117,20140508,39,3,2,7967,205.7,117.11,1638811.9,933015.37,705796.53
627432048,20150602,10,10,2,9941,81.73,56.67,812477.93,563356.47,249121.46
615290009,20170114,17,8,1,6842,421.89,364.69,2886571.38,2495208.98,391362.4
897317206,20150813,22,2,2,4957,47.45,31.79,235209.65,157583.03,77626.62
594699656,20161114,32,10,1,3699,81.73,56.67,302319.27,209622.33,92696.94
574925124,20170628,46,5,1,1975,437.2,263.33,863470.0,520076.75,343393.25
946421372,20150319,46,2,1,5971,47.45,31.79,283323.95,189818.09,93505.86
885998284,20170221,3,4,1,5436,109.28,35.84,594046.08,194826.24,399219.84
954065883,20160717,19,7,1,8151,668.27,502.54,5447068.77,4096203.54,1350865.23
994406735,20150607,29,2,2,5906,47.45,31.79,280239.7,187751.74,92487.96
132069671,20170709,4,10,2,1205,81.73,56.67,98484.65,68287.35,30197.3
990455090,20131130,5,7,2,6526,668.27,502.54,4361130.02,3279576.04,1081553.98
445952498,20150606,34,3,1,6109,205.7,117.11,1256621.3,715424.99,541196.31
628055179,20160426,13,9,1,4339,651.21,524.96,2825600.19,2277801.44,547798.75
243391644,20100606,42,10,2,3851,81.73,56.67,314742.23,218236.17,96506.06
823505389,20150311,46,4,2,2400,109.28,35.84,262272.0,86016.0,176256.0
846413600,20111230,21,11,2,1448,152.58,97.44,220935.84,141093.12,79842.72
850279843,20120331,10,6,1,5556,9.33,6.92,51837.48,38447.52,13389.96
268373954,20100225,4,9,2,6672,651.21,524.96,4344873.12,3502533.12,842340.0
350550401,20120325,40,5,2,4508,437.2,263.33,1970897.6,1187091.64,783805.96
293178594,20100527,39,10,2,6916,81.73,56.67,565244.68,391929.72,173314.96
168960559,20130714,16,1,2,8039,255.28,159.42,2052195.92,1281577.38,770618.54
270358788,20141211,1,2,1,4028,47.45,31.79,191128.6,128050.12,63078.48
589842927,20160609,22,10,1,6485,81.73,56.67,530019.05,367504.95,162514.1
655328738,20140210,35,3,1,5191,205.7,117.11,1067788.7,607918.01,459870.69
406564366,20140807,1,12,2,286,154.06,90.93,44061.16,26005.98,18055.18
374848639,20120816,43,4,2,4897,109.28,35.84,535144.16,175508.48,359635.68
393858420,20120814,41,6,1,314,9.33,6.92,2929.62,2172.88,756.74
435463559,20131021,29,2,2,2199,47.45,31.79,104342.55,69906.21,34436.34
284403264,20161207,44,12,1,101,154.06,90.93,15560.06,9183.93,6376.13
917904984,20100421,37,10,2,7338,81.73,56.67,599734.74,415844.46,183890.28
670274865,20121004,45,12,2,8082,154.06,90.93,1245112.92,734896.26,510216.66
380684268,20150130,27,5,1,1789,437.2,263.33,782150.8,471097.37,311053.43
264526593,20140930,37,10,1,8152,81.73,56.67,666262.96,461973.84,204289.12
485929429,20170417,46,10,1,6171,81.73,56.67,504355.83,349710.57,154645.26
209736573,20140824,40,9,1,4568,651.21,524.96,2974727.28,2398017.28,576710.0
233440434,20160105,6,9,1,9067,651.21,524.96,5904521.07,4759812.32,1144708.75
384483993,20110505,4,12,1,6212,154.06,90.93,957020.72,564857.16,392163.56
311921012,20100815,5,2,2,3214,47.45,31.79,152504.3,102173.06,50331.24
128003442,20100909,45,1,2,7918,255.28,159.42,2021307.04,1262287.56,759019.48
981154048,20130727,22,2,1,4141,47.45,31.79,196490.45,131642.39,64848.06
287917602,20121203,17,10,2,71,81.73,56.67,5802.83,4023.57,1779.26
548343789,20141204,10,11,1,5967,152.58,97.44,910444.86,581424.48,329020.38
498089492,20160302,10,8,2,4604,421.89,364.69,1942381.56,1679032.76,263348.8
251907765,20150301,30,11,1,3961,152.58,97.44,604369.38,385959.84,218409.54
339999663,20150526,29,11,2,2311,152.58,97.44,352612.38,225183.84,127428.54
958366000,20120629,38,3,1,651,205.7,117.11,133910.7,76238.61,57672.09
481114327,20151104,34,3,2,1276,205.7,117.11,262473.2,149432.36,113040.84
194785726,20141016,25,3,1,280,205.7,117.11,57596.0,32790.8,24805.2
443544518,20160424,2,2,2,3534,47.45,31.79,167688.3,112345.86,55342.44
467138516,20130730,39,4,2,5523,109.28,35.84,603553.44,197944.32,405609.12
184708344,20161127,7,12,2,8159,154.06,90.93,1256975.54,741897.87,515077.67
640394628,20151019,7,9,1,5856,651.21,524.96,3813485.76,3074165.76,739320.0
403337991,20161015,2,12,1,5529,154.06,90.93,851797.74,502751.97,349045.77
967679059,20130303,2,12,2,6592,154.06,90.93,1015563.52,599410.56,416152.96
125339686,20170711,28,11,2,9653,152.58,97.44,1472854.74,940588.32,532266.42
396832883,20130329,9,10,1,523,81.73,56.67,42744.79,29638.41,13106.38
209445178,20140318,45,5,1,8337,437.2,263.33,3644936.4,2195382.21,1449554.19
933963048,20110521,45,4,1,9275,109.28,35.84,1013572.0,332416.0,681156.0
587598884,20150505,18,3,2,2422,205.7,117.11,498205.4,283640.42,214564.98
941524302,20141003,21,10,2,6819,81.73,56.67,557316.87,386432.73,170884.14
805974042,20120722,12,5,1,4484,437.2,263.33,1960404.8,1180771.72,779633.08
217859160,20160219,13,2,1,8222,47.45,31.79,390133.9,261377.38,128756.52
727426946,20131215,2,12,1,653,154.06,90.93,100601.18,59377.29,41223.89
187103450,20110504,6,6,1,6924,9.33,6.92,64600.92,47914.08,16686.84
572634732,20160314,37,3,2,4197,205.7,117.11,863322.9,491510.67,371812.23
285343968,20140831,40,12,2,8476,154.06,90.93,1305812.56,770722.68,535089.88
886763894,20130421,42,12,1,1997,154.06,90.93,307657.82,181587.21,126070.61
436606395,20131104,30,2,1,389,47.45,31.79,18458.05,12366.31,6091.74
845738112,20100926,23,5,2,1557,437.2,263.33,680720.4,410004.81,270715.59
669353473,20140624,5,6,2,5422,9.33,6.92,50587.26,37520.24,13067.02
147826898,20150929,6,5,2,4119,437.2,263.33,1800826.8,1084656.27,716170.53
832057130,20110302,43,5,2,3050,437.2,263.33,1333460.0,803156.5,530303.5
212106788,20110823,26,9,2,5967,651.21,524.96,3885770.07,3132436.32,753333.75
371814954,20140914,38,10,2,7162,81.73,56.67,585350.26,405870.54,179479.72
548015487,20160919,21,6,2,8815,9.33,6.92,82243.95,60999.8,21244.15
305569112,20110414,43,12,1,3545,154.06,90.93,546142.7,322346.85,223795.85
536095750,20161116,41,11,1,1500,152.58,97.44,228870.0,146160.0,82710.0
621577537,20150909,3,7,1,7461,668.27,502.54,4985962.47,3749450.94,1236511.53
826968657,20170506,8,5,1,7258,437.2,263.33,3173197.6,1911249.14,1261948.46
546544349,20101125,32,7,1,3473,668.27,502.54,2320901.71,1745321.42,575580.29
463591134,20160905,27,7,1,5773,668.27,502.54,3857922.71,2901163.42,956759.29
696839892,20151217,28,9,1,9264,651.21,524.96,6032809.44,4863229.44,1169580.0
509380948,20110922,47,10,1,5997,81.73,56.67,490134.81,339849.99,150284.82
221628844,20110728,38,4,1,3755,109.28,35.84,410346.4,134579.2,275767.2
650208079,20160229,13,2,2,9875,47.45,31.79,468568.75,313926.25,154642.5
229105556,20100614,30,8,1,6280,421.89,364.69,2649469.2,2290253.2,359216.0
660481584,20160311,46,9,1,33,651.21,524.96,21489.93,17323.68,4166.25
168487203,20140803,23,9,1,7962,651.21,524.96,5184934.02,4179731.52,1005202.5
609952628,20101220,38,8,2,7392,421.89,364.69,3118610.88,2695788.48,422822.4
891808593,20120530,41,1,1,4835,255.28,159.42,1234278.8,770795.7,463483.1
765734040,20170710,39,6,2,6574,9.33,6.92,61335.42,45492.08,15843.34
125349128,20120518,39,3,1,2447,205.7,117.11,503347.9,286568.17,216779.73
688698422,20170312,33,12,1,22,154.06,90.93,3389.32,2000.46,1388.86
367328155,20110616,15,7,2,9419,668.27,502.54,6294435.13,4733424.26,1561010.87
495450627,20121114,6,3,1,3705,205.7,117.11,762118.5,433892.55,328225.95
638856971,20130724,5,10,2,829,81.73,56.67,67754.17,46979.43,20774.74
936664998,20160601,41,12,1,8843,154.06,90.93,1362352.58,804093.99,558258.59
695059764,20110521,6,5,1,2485,437.2,263.33,1086442.0,654375.05,432066.95
681713092,20100308,5,2,2,2908,47.45,31.79,137984.6,92445.32,45539.28
511155498,20100926,12,2,1,1126,47.45,31.79,53428.7,35795.54,17633.16
762655293,20101016,15,10,2,5504,81.73,56.67,449841.92,311911.68,137930.24
119935786,20150114,37,10,1,519,81.73,56.67,42417.87,29411.73,13006.14
755605590,20100831,11,11,2,9340,152.58,97.44,1425097.2,910089.6,515007.6
907047402,20100613,30,8,2,4338,421.89,364.69,1830158.82,1582025.22,248133.6
638937652,20130812,34,6,1,4705,9.33,6.92,43897.65,32558.6,11339.05
449206340,20160226,15,3,1,8993,205.7,117.11,1849860.1,1053170.23,796689.87
864071118,20100710,37,2,2,6700,47.45,31.79,317915.0,212993.0,104922.0
253211104,20101216,38,9,2,9648,651.21,524.96,6282874.08,5064814.08,1218060.0
609939754,20131110,6,6,2,3582,9.33,6.92,33420.06,24787.44,8632.62
907691991,20140206,26,3,1,5086,205.7,117.11,1046190.2,595621.46,450568.74
460693061,20170128,16,6,1,8169,9.33,6.92,76216.77,56529.48,19687.29
424541604,20130405,45,9,1,150,651.21,524.96,97681.5,78744.0,18937.5
571161448,20140825,11,7,2,8220,668.27,502.54,5493179.4,4130878.8,1362300.6
985039174,20110204,33,2,2,3836,47.45,31.79,182018.2,121946.44,60071.76
522323358,20151116,37,4,2,5944,109.28,35.84,649560.32,213032.96,436527.36
486461150,20161005,24,12,1,3519,154.06,90.93,542137.14,319982.67,222154.47
949912965,20170124,42,5,2,9210,437.2,263.33,4026612.0,2425269.3,1601342.7
103499639,20130420,15,6,2,6698,9.33,6.92,62492.34,46350.16,16142.18
877687728,20161223,41,10,1,6158,81.73,56.67,503293.34,348973.86,154319.48
288073384,20150115,18,1,1,6171,255.28,159.42,1575332.88,983780.82,591552.06
607756221,20160803,24,7,2,7426,668.27,502.54,4962573.02,3731862.04,1230710.98
291179597,20170213,25,7,2,5368,668.27,502.54,3587273.36,2697634.72,889638.64
875220096,20101025,39,6,2,5930,9.33,6.92,55326.9,41035.6,14291.3
799848306,20160311,18,7,1,1743,668.27,502.54,1164794.61,875927.22,288867.39
693583905,20111205,11,8,1,5745,421.89,364.69,2423758.05,2095144.05,328614.0
437083184,20150118,44,8,2,1482,421.89,364.69,625240.98,540470.58,84770.4
759594142,20170710,28,12,1,9641,154.06,90.93,1485292.46,876656.13,608636.33
702815854,20100516,12,7,2,7684,668.27,502.54,5134986.68,3861517.36,1273469.32
971899354,20130601,44,11,2,5471,152.58,97.44,834765.18,533094.24,301670.94
521681344,20100216,11,9,2,5957,651.21,524.96,3879257.97,3127186.72,752071.25
239554154,20120118,20,9,1,8253,651.21,524.96,5374436.13,4332494.88,1041941.25
982566821,20110417,26,9,2,2212,651.21,524.96,1440476.52,1161211.52,279265.0
887501180,20170505,47,5,2,176,437.2,263.33,76947.2,46346.08,30601.12
278513133,20101025,28,6,2,7080,9.33,6.92,66056.4,48993.6,17062.8
152191388,20120518,1,1,1,5669,255.28,159.42,1447182.32,903751.98,543430.34
309655511,20140505,9,10,1,2802,81.73,56.67,229007.46,158789.34,70218.12
469129359,20101218,27,8,1,4657,421.89,364.69,1964741.73,1698361.33,266380.4
951698243,20170616,3,11,2,7514,152.58,97.44,1146486.12,732164.16,414321.96
981808078,20120127,29,11,2,7683,152.58,97.44,1172272.14,748631.52,423640.62
833706796,20130327,10,3,2,1223,205.7,117.11,251571.1,143225.53,108345.57
650078475,20100609,9,9,2,1522,651.21,524.96,991141.62,798989.12,192152.5
507531726,20121027,44,11,1,8771,152.58,97.44,1338279.18,854646.24,483632.94
544741475,20120310,33,10,2,9963,81.73,56.67,814275.99,564603.21,249672.78
926826655,20110115,22,1,2,7458,255.28,159.42,1903878.24,1188954.36,714923.88
759086453,20110221,11,7,2,9405,668.27,502.54,6285079.35,4726388.7,1558690.65
523899209,20141101,17,1,1,2273,255.28,159.42,580251.44,362361.66,217889.78
647943866,20110407,1,4,2,9843,109.28,35.84,1075643.04,352773.12,722869.92
812632358,20120929,37,3,1,4828,205.7,117.11,993119.6,565407.08,427712.52
231861150,20141017,5,5,2,1722,437.2,263.33,752858.4,453454.26,299404.14
348080623,20100503,2,11,2,3646,152.58,97.44,556306.68,355266.24,201040.44
368865811,20130911,17,9,2,4445,651.21,524.96,2894628.45,2333447.2,561181.25
478840672,20160204,12,10,2,8451,81.73,56.67,690700.23,478918.17,211782.06
772643411,20100719,44,3,2,1210,205.7,117.11,248897.0,141703.1,107193.9
742843854,20130822,35,2,2,2859,47.45,31.79,135659.55,90887.61,44771.94
308582627,20121223,40,2,1,5312,47.45,31.79,252054.4,168868.48,83185.92
140499961,20110329,24,10,2,5915,81.73,56.67,483432.95,335203.05,148229.9
856648051,20101213,25,3,2,50,205.7,117.11,10285.0,5855.5,4429.5
780899035,20120613,41,5,1,4233,437.2,263.33,1850667.6,1114675.89,735991.71
177147090,20130715,31,8,1,615,421.89,364.69,259462.35,224284.35,35178.0
775849616,20120217,36,9,1,9997,651.21,524.96,6510146.37,5248025.12,1262121.25
979200112,20131214,28,8,2,5928,421.89,364.69,2500963.92,2161882.32,339081.6
429123675,20141018,48,11,1,6086,152.58,97.44,928601.88,593019.84,335582.04
515771901,20120219,39,12,1,7222,154.06,90.93,1112621.32,656696.46,455924.86
626109397,20120807,46,3,2,8539,205.7,117.11,1756472.3,1000002.29,756470.01
574247491,20121205,11,7,1,1448,668.27,502.54,967654.96,727677.92,239977.04
941933286,20130105,38,11,2,7846,152.58,97.44,1197142.68,764514.24,432628.44
797718417,20100828,15,3,1,1462,205.7,117.11,300733.4,171214.82,129518.58
220607459,20131014,13,3,2,1504,205.7,117.11,309372.8,176133.44,133239.36
629301440,20100719,21,1,1,3135,255.28,159.42,800302.8,499781.7,300521.1
431432092,20160801,28,4,1,9198,109.28,35.84,1005157.44,329656.32,675501.12
442318427,20100927,2,1,2,707,255.28,159.42,180482.96,112709.94,67773.02
540982520,20100724,4,5,1,7604,437.2,263.33,3324468.8,2002361.32,1322107.48
563939225,20101111,20,4,1,1004,109.28,35.84,109717.12,35983.36,73733.76
323293578,20151224,4,3,2,8609,205.7,117.11,1770871.3,1008199.99,762671.31
507040774,20150722,13,11,2,3488,152.58,97.44,532199.04,339870.72,192328.32
516599738,20130402,18,9,1,2197,651.21,524.96,1430708.37,1153337.12,277371.25
383611094,20160722,5,4,2,7902,109.28,35.84,863530.56,283207.68,580322.88
412416303,20160603,39,1,1,2004,255.28,159.42,511581.12,319477.68,192103.44
364715468,20120215,9,5,1,6267,437.2,263.33,2739932.4,1650289.11,1089643.29
392752492,20100508,33,10,1,3045,81.73,56.67,248867.85,172560.15,76307.7
633992946,20140104,19,6,1,1456,9.33,6.92,13584.48,10075.52,3508.96
937875640,20111030,39,4,2,7098,109.28,35.84,775669.44,254392.32,521277.12
614054477,20160812,5,12,2,1220,154.06,90.93,187953.2,110934.6,77018.6
369170081,20110329,44,1,1,4486,255.28,159.42,1145186.08,715158.12,430027.96
357930982,20160116,1,4,1,8586,109.28,35.84,938278.08,307722.24,630555.84
586812674,20130315,38,9,1,9766,651.21,524.96,6359716.86,5126759.36,1232957.5
311221492,20160411,44,6,2,6210,9.33,6.92,57939.3,42973.2,14966.1
274989354,20120528,44,11,2,4316,152.58,97.44,658535.28,420551.04,237984.24
897785842,20130508,10,9,1,3636,651.21,524.96,2367799.56,1908754.56,459045.0
929812705,20170522,37,8,2,1097,421.89,364.69,462813.33,400064.93,62748.4
202047002,20120129,46,5,2,9053,437.2,263.33,3957971.6,2383926.49,1574045.11
919922006,20110827,23,6,2,4219,9.33,6.92,39363.27,29195.48,10167.79
243226420,20130617,30,2,1,4958,47.45,31.79,235257.1,157614.82,77642.28
249765861,20161113,47,4,2,123,109.28,35.84,13441.44,4408.32,9033.12
253055322,20160531,37,2,2,3548,47.45,31.79,168352.6,112790.92,55561.68
243340575,20160806,32,2,1,8739,47.45,31.79,414665.55,277812.81,136852.74
988599860,20141106,11,7,1,7522,668.27,502.54,5026726.94,3780105.88,1246621.06
581193768,20110418,10,11,2,7006,152.58,97.44,1068975.48,682664.64,386310.84
100983083,20160811,40,3,1,1993,205.7,117.11,409960.1,233400.23,176559.87
936411798,20120913,24,10,1,3915,81.73,56.67,319972.95,221863.05,98109.9
261640536,20150622,7,7,1,4104,668.27,502.54,2742580.08,2062424.16,680155.92
564173543,20170421,14,1,1,343,255.28,159.42,87561.04,54681.06,32879.98
580463349,20111010,46,3,1,859,205.7,117.11,176696.3,100597.49,76098.81
428419864,20131104,15,9,1,7813,651.21,524.96,5087903.73,4101512.48,986391.25
479171121,20100111,36,1,1,6238,255.28,159.42,1592436.64,994461.96,597974.68
120419871,20150513,26,10,2,3771,81.73,56.67,308203.83,213702.57,94501.26
602301251,20120911,22,4,1,3180,109.28,35.84,347510.4,113971.2,233539.2
471484124,20121209,12,1,2,1485,255.28,159.42,379090.8,236738.7,142352.1
291611325,20170201,19,11,1,3126,152.58,97.44,476965.08,304597.44,172367.64
691383635,20130210,42,12,1,4637,154.06,90.93,714376.22,421642.41,292733.81
783913838,20130205,23,11,2,6380,152.58,97.44,973460.4,621667.2,351793.2
799109733,20130314,28,4,2,3183,109.28,35.84,347838.24,114078.72,233759.52
223199975,20161121,12,2,2,8687,47.45,31.79,412198.15,276159.73,136038.42
391849982,20161130,16,3,1,5972,205.7,117.11,1228440.4,699380.92,529059.48
906508815,20140113,9,4,2,4958,109.28,35.84,541810.24,177694.72,364115.52
524844634,20131010,18,3,1,2045,205.7,117.11,420656.5,239489.95,181166.55
640476596,20141021,20,6,2,112,9.33,6.92,1044.96,775.04,269.92
733636796,20120820,46,8,2,8286,421.89,364.69,3495780.54,3021821.34,473959.2
183778369,20121224,7,11,2,2958,152.58,97.44,451331.64,288227.52,163104.12
594991052,20170422,27,11,1,9929,152.58,97.44,1514966.82,967481.76,547485.06
246922719,20150713,1,9,2,8775,651.21,524.96,5714367.75,4606524.0,1107843.75
315066277,20131010,41,11,1,3968,152.58,97.44,605437.44,386641.92,218795.52
766118133,20101009,44,7,1,235,668.27,502.54,157043.45,118096.9,38946.55
138820683,20100709,38,4,1,8980,109.28,35.84,981334.4,321843.2,659491.2
733648812,20121218,27,3,2,1842,205.7,117.11,378899.4,215716.62,163182.78
580782210,20150216,23,9,2,5217,651.21,524.96,3397362.57,2738716.32,658646.25
279703605,20100101,19,1,1,9367,255.28,159.42,2391207.76,1493287.14,897920.62
645956456,20160220,35,1,1,1725,255.28,159.42,440358.0,274999.5,165358.5
526350104,20111119,32,4,1,7547,109.28,35.84,824736.16,270484.48,554251.68
212903726,20150226,2,8,2,1798,421.89,364.69,758558.22,655712.62,102845.6
680325210,20170621,14,12,2,2203,154.06,90.93,339394.18,200318.79,139075.39
263882005,20110203,42,2,2,7404,47.45,31.79,351319.8,235373.16,115946.64
295168149,20160528,42,6,1,5669,9.33,6.92,52891.77,39229.48,13662.29
645111024,20160912,18,8,1,1543,421.89,364.69,650976.27,562716.67,88259.6
850562655,20140811,45,1,1,9246,255.28,159.42,2360318.88,1473997.32,886321.56
702357947,20140105,21,10,1,2179,81.73,56.67,178089.67,123483.93,54605.74
102230632,20170513,32,4,2,1171,109.28,35.84,127966.88,41968.64,85998.24
231450879,20100103,3,4,2,313,109.28,35.84,34204.64,11217.92,22986.72
880176818,20101001,35,4,2,2735,109.28,35.84,298880.8,98022.4,200858.4
755318915,20110610,22,4,2,4507,109.28,35.84,492524.96,161530.88,330994.08
378873240,20121125,2,2,2,5866,47.45,31.79,278341.7,186480.14,91861.56
264856183,20111127,10,6,2,5685,9.33,6.92,53041.05,39340.2,13700.85
118659913,20140802,11,3,2,2960,205.7,117.11,608872.0,346645.6,262226.4
667324435,20121018,39,1,2,4985,255.28,159.42,1272570.8,794708.7,477862.1
685233008,20110926,35,1,2,4529,255.28,159.42,1156163.12,722013.18,434149.94
757468974,20130314,31,2,2,757,47.45,31.79,35919.65,24065.03,11854.62
512714612,20150923,6,8,2,2502,421.89,364.69,1055568.78,912454.38,143114.4
516485583,20100211,16,8,1,8416,421.89,364.69,3550626.24,3069231.04,481395.2
491547477,20141107,23,12,2,8676,154.06,90.93,1336624.56,788908.68,547715.88
911891257,20131008,8,6,1,7742,9.33,6.92,72232.86,53574.64,18658.22
214033257,20151129,38,11,1,6052,152.58,97.44,923414.16,589706.88,333707.28
504024684,20151214,46,3,2,959,205.7,117.11,197266.3,112308.49,84957.81
386601865,20160717,26,12,2,2938,154.06,90.93,452628.28,267152.34,185475.94
336813628,20100116,44,5,1,9492,437.2,263.33,4149902.4,2499528.36,1650374.04
309188163,20150724,6,6,2,4503,9.33,6.92,42012.99,31160.76,10852.23
760280358,20120801,23,9,1,2708,651.21,524.96,1763476.68,1421591.68,341885.0
495593106,20150915,41,2,1,5868,47.45,31.79,278436.6,186543.72,91892.88
209598815,20130109,10,4,1,3802,109.28,35.84,415482.56,136263.68,279218.88
483438193,20120823,16,8,2,8959,421.89,364.69,3779712.51,3267257.71,512454.8
819037473,20161015,45,12,2,244,154.06,90.93,37590.64,22186.92,15403.72
974420630,20110426,25,6,1,1573,9.33,6.92,14676.09,10885.16,3790.93
534641349,20120807,38,2,1,1111,47.45,31.79,52716.95,35318.69,17398.26
921133935,20130805,6,11,2,2856,152.58,97.44,435768.48,278288.64,157479.84
456934964,20120323,39,8,1,6065,421.89,364.69,2558762.85,2211844.85,346918.0
468803632,20100831,8,6,2,8267,9.33,6.92,77131.11,57207.64,19923.47
646981704,20101013,14,1,2,5118,255.28,159.42,1306523.04,815911.56,490611.48
972452533,20150822,14,12,2,9169,154.06,90.93,1412576.14,833737.17,578838.97
535740411,20100510,4,10,1,6348,81.73,56.67,518822.04,359741.16,159080.88
309285581,20170226,21,10,1,3331,81.73,56.67,272242.63,188767.77,83474.86
380733191,20130307,2,1,1,6267,255.28,159.42,1599839.76,999085.14,600754.62
989102828,20120611,23,6,2,6362,9.33,6.92,59357.46,44025.04,15332.42
862326610,20120502,24,2,2,461,47.45,31.79,21874.45,14655.19,7219.26
152411115,20130104,44,8,2,691,421.89,364.69,291525.99,252000.79,39525.2
862485826,20160916,46,9,1,7577,651.21,524.96,4934218.17,3977621.92,956596.25
299739491,20160725,48,6,1,8431,9.33,6.92,78661.23,58342.52,20318.71
633312737,20110717,15,8,1,167,421.89,364.69,70455.63,60903.23,9552.4
884192836,20121214,34,9,1,1164,651.21,524.96,758008.44,611053.44,146955.0
578356206,20150709,20,8,2,7309,421.89,364.69,3083594.01,2665519.21,418074.8
194858253,20110517,27,10,2,1742,81.73,56.67,142373.66,98719.14,43654.52
988614022,20101128,28,3,1,1713,205.7,117.11,352364.1,200609.43,151754.67
279338395,20140110,38,3,2,1293,205.7,117.11,265970.1,151423.23,114546.87
123086202,20140102,13,1,1,2797,255.28,159.42,714018.16,445897.74,268120.42
216278588,20151219,27,8,2,495,421.89,364.69,208835.55,180521.55,28314.0
693831098,20150623,37,1,1,8895,255.28,159.42,2270715.6,1418040.9,852674.7
963219296,20100901,28,3,2,6850,205.7,117.11,1409045.0,802203.5,606841.5
468320834,20161112,4,12,1,5397,154.06,90.93,831461.82,490749.21,340712.61
203955876,20100615,20,3,2,3931,205.7,117.11,808606.7,460359.41,348247.29
583451974,20160111,30,11,1,5260,152.58,97.44,802570.8,512534.4,290036.4
250848186,20130130,27,4,2,407,109.28,35.84,44476.96,14586.88,29890.08
863138997,20101112,1,8,2,865,421.89,364.69,364934.85,315456.85,49478.0
266614854,20130923,40,7,2,6115,668.27,502.54,4086471.05,3073032.1,1013438.95
834065997,20160814,2,7,1,7518,668.27,502.54,5024053.86,3778095.72,1245958.14
879845082,20100414,26,6,1,4567,9.33,6.92,42610.11,31603.64,11006.47
146545875,20111127,41,5,1,5036,437.2,263.33,2201739.2,1326129.88,875609.32
414359509,20140830,37,1,1,7042,255.28,159.42,1797681.76,1122635.64,675046.12
276850593,20110821,29,1,1,5097,255.28,159.42,1301162.16,812563.74,488598.42
556947886,20110405,2,3,2,2111,205.7,117.11,434232.7,247219.21,187013.49
548403012,20120323,47,7,2,3493,668.27,502.54,2334267.11,1755372.22,578894.89
652252137,20100907,47,12,2,4757,154.06,90.93,732863.42,432554.01,300309.41
284108436,20140329,29,5,2,2854,437.2,263.33,1247768.8,751543.82,496224.98
416682088,20120705,34,12,1,4344,154.06,90.93,669236.64,394999.92,274236.72
579094779,20101208,10,12,1,5869,154.06,90.93,904178.14,533668.17,370509.97
192589318,20121101,11,6,2,314,9.33,6.92,2929.62,2172.88,756.74
785364806,20150212,5,7,1,5754,668.27,502.54,3845225.58,2891615.16,953610.42
450550019,20111224,38,1,1,6618,255.28,159.42,1689443.04,1055041.56,634401.48
817061221,20100126,8,12,1,5427,154.06,90.93,836083.62,493477.11,342606.51
168319404,20120220,41,9,2,8307,651.21,524.96,5409601.47,4360842.72,1048758.75
781083571,20160609,9,4,2,8841,109.28,35.84,966144.48,316861.44,649283.04
401993882,20110321,46,3,1,7778,205.7,117.11,1599934.6,910881.58,689053.02
391200673,20120119,15,9,2,3827,651.21,524.96,2492180.67,2009021.92,483158.75
408540618,20130930,39,12,1,5102,154.06,90.93,786014.12,463924.86,322089.26
239048612,20160717,39,10,2,8651,81.73,56.67,707046.23,490252.17,216794.06
292424571,20120524,48,5,1,3784,437.2,263.33,1654364.8,996440.72,657924.08
231341445,20150828,7,2,2,7929,47.45,31.79,376231.05,252062.91,124168.14
533597218,20130209,36,9,2,2130,651.21,524.96,1387077.3,1118164.8,268912.5
682162415,20160116,37,8,1,5873,421.89,364.69,2477759.97,2141824.37,335935.6
706176555,20150213,20,12,1,2190,154.06,90.93,337391.4,199136.7,138254.7
339786803,20110917,27,9,1,9321,651.21,524.96,6069928.41,4893152.16,1176776.25
274694526,20170413,29,10,1,7069,81.73,56.67,577749.37,400600.23,177149.14
633806264,20140415,15,4,2,6213,109.28,35.84,678956.64,222673.92,456282.72
955466639,20131208,43,10,2,2666,81.73,56.67,217892.18,151082.22,66809.96
330590474,20120130,34,9,2,7923,651.21,524.96,5159536.83,4159258.08,1000278.75
819516837,20151126,29,5,1,2098,437.2,263.33,917245.6,552466.34,364779.26
499101436,20110713,23,11,1,4061,152.58,97.44,619627.38,395703.84,223923.54
190002810,20170620,2,4,2,4909,109.28,35.84,536455.52,175938.56,360516.96
653152501,20151217,28,2,1,1194,47.45,31.79,56655.3,37957.26,18698.04
489600837,20140509,4,12,1,2622,154.06,90.93,403945.32,238418.46,165526.86
750959146,20160105,32,1,2,4354,255.28,159.42,1111489.12,694114.68,417374.44
356413495,20100112,7,10,1,9528,81.73,56.67,778723.44,539951.76,238771.68
288656175,20151130,7,9,1,8632,651.21,524.96,5621244.72,4531454.72,1089790.0
659671771,20150728,38,5,1,391,437.2,263.33,170945.2,102962.03,67983.17
513611114,20160726,33,4,1,7797,109.28,35.84,852056.16,279444.48,572611.68
543322694,20140421,38,2,1,114,47.45,31.79,5409.3,3624.06,1785.24
671616399,20121106,31,12,1,5072,154.06,90.93,781392.32,461196.96,320195.36
212319648,20150430,28,2,1,8957,47.45,31.79,425009.65,284743.03,140266.62
971578347,20140430,31,7,2,478,668.27,502.54,319433.06,240214.12,79218.94
704233348,20161117,22,6,1,7152,9.33,6.92,66728.16,49491.84,17236.32
768230426,20100531,8,11,2,5310,152.58,97.44,810199.8,517406.4,292793.4
707661855,20161231,27,6,1,1723,9.33,6.92,16075.59,11923.16,4152.43
628595054,20110908,19,6,1,4100,9.33,6.92,38253.0,28372.0,9881.0
795141351,20100220,18,2,1,8850,47.45,31.79,419932.5,281341.5,138591.0
164259612,20150322,6,8,1,6924,421.89,364.69,2921166.36,2525113.56,396052.8
750439441,20161115,34,11,2,562,152.58,97.44,85749.96,54761.28,30988.68
362258565,20141129,3,6,1,9214,9.33,6.92,85966.62,63760.88,22205.74
209357202,20150114,41,3,2,2303,205.7,117.11,473727.1,269704.33,204022.77
450041043,20140320,36,5,1,6000,437.2,263.33,2623200.0,1579980.0,1043220.0
103450715,20150315,41,9,2,2220,651.21,524.96,1445686.2,1165411.2,280275.0
384601581,20160925,27,6,2,1009,9.33,6.92,9413.97,6982.28,2431.69
186079490,20150825,12,12,2,3911,154.06,90.93,602528.66,355627.23,246901.43
513026177,20120522,8,9,2,4701,651.21,524.96,3061338.21,2467836.96,593501.25
222720611,20100316,29,1,1,6833,255.28,159.42,1744328.24,1089316.86,655011.38
891681563,20120301,7,7,1,7245,668.27,502.54,4841616.15,3640902.3,1200713.85
129169023,20120608,23,2,1,2839,47.45,31.79,134710.55,90251.81,44458.74
764811360,20120919,15,3,2,3532,205.7,117.11,726532.4,413632.52,312899.88
801925837,20131017,25,12,1,6531,154.06,90.93,1006165.86,593863.83,412302.03
881194770,20131105,39,9,1,3969,651.21,524.96,2584652.49,2083566.24,501086.25
917835032,20110817,4,12,1,6637,154.06,90.93,1022496.22,603502.41,418993.81
159232509,20140608,45,6,2,9293,9.33,6.92,86703.69,64307.56,22396.13
917639768,20131031,40,12,2,8854,154.06,90.93,1364047.24,805094.22,558953.02
965796363,20110309,26,6,2,9461,9.33,6.92,88271.13,65470.12,22801.01
551118266,20160716,7,1,2,6997,255.28,159.42,1786194.16,1115461.74,670732.42
849454581,20160810,1,9,2,1342,651.21,524.96,873923.82,704496.32,169427.5
962560546,20101214,16,3,1,1911,205.7,117.11,393092.7,223797.21,169295.49
927351081,20110523,25,12,1,2647,154.06,90.93,407796.82,240691.71,167105.11
840781390,20101020,27,7,2,4752,668.27,502.54,3175619.04,2388070.08,787548.96
722233331,20170331,43,12,2,3747,154.06,90.93,577262.82,340714.71,236548.11
663080108,20111121,36,8,2,8994,421.89,364.69,3794478.66,3280021.86,514456.8
439640080,20111007,35,3,2,8124,205.7,117.11,1671106.8,951401.64,719705.16
765858924,20140619,37,7,1,3530,668.27,502.54,2358993.1,1773966.2,585026.9
123544108,20100513,4,3,2,8302,205.7,117.11,1707721.4,972247.22,735474.18
569170606,20170407,24,11,1,9085,152.58,97.44,1386189.3,885242.4,500946.9
185947310,20120106,39,10,2,4796,81.73,56.67,391977.08,271789.32,120187.76
534709155,20150719,35,12,2,1176,154.06,90.93,181174.56,106933.68,74240.88
138182103,20140809,33,9,2,10,651.21,524.96,6512.1,5249.6,1262.5
780590045,20130910,8,8,1,2796,421.89,364.69,1179604.44,1019673.24,159931.2
643448483,20170709,18,6,2,9560,9.33,6.92,89194.8,66155.2,23039.6
144978606,20110106,21,9,2,1246,651.21,524.96,811407.66,654100.16,157307.5
444798934,20140104,36,7,2,4744,668.27,502.54,3170272.88,2384049.76,786223.12
543396508,20170531,25,8,2,1957,421.89,364.69,825638.73,713698.33,111940.4
866396272,20131106,4,8,2,4765,421.89,364.69,2010305.85,1737747.85,272558.0
946823489,20160712,21,3,2,4966,205.7,117.11,1021506.2,581568.26,439937.94
228211200,20121130,39,5,2,1620,437.2,263.33,708264.0,426594.6,281669.4
547587192,20110609,48,3,2,2073,205.7,117.11,426416.1,242769.03,183647.07
689421546,20100110,22,4,2,4011,109.28,35.84,438322.08,143754.24,294567.84
530882394,20101221,9,8,2,8753,421.89,364.69,3692803.17,3192131.57,500671.6
765552079,20110610,41,11,1,2727,152.58,97.44,416085.66,265718.88,150366.78
469974792,20100526,44,1,1,4840,255.28,159.42,1235555.2,771592.8,463962.4
700304019,20141123,42,10,1,4376,81.73,56.67,357650.48,247987.92,109662.56
509356057,20140414,34,4,2,8631,109.28,35.84,943195.68,309335.04,633860.64
838788402,20100210,3,1,1,4983,255.28,159.42,1272060.24,794389.86,477670.38
200507199,20140209,8,9,1,3391,651.21,524.96,2208253.11,1780139.36,428113.75
504973971,20111003,2,8,2,1875,421.89,364.69,791043.75,683793.75,107250.0
477282845,20100120,3,3,1,7455,205.7,117.11,1533493.5,873055.05,660438.45
161399304,20100301,41,5,2,496,437.2,263.33,216851.2,130611.68,86239.52
204392325,20110820,19,9,2,3086,651.21,524.96,2009634.06,1620026.56,389607.5
400904691,20100628,24,3,1,5462,205.7,117.11,1123533.4,639654.82,483878.58
244023358,20161221,6,2,1,789,47.45,31.79,37438.05,25082.31,12355.74
830172288,20130613,30,5,2,5283,437.2,263.33,2309727.6,1391172.39,918555.21
815755307,20160513,30,8,1,8978,421.89,364.69,3787728.42,3274186.82,513541.6
870173251,20151223,4,4,2,2457,109.28,35.84,268500.96,88058.88,180442.08
444234168,20130819,18,1,2,7617,255.28,159.42,1944467.76,1214302.14,730165.62
545059049,20160804,25,4,1,3940,109.28,35.84,430563.2,141209.6,289353.6
530702579,20151007,47,1,1,5541,255.28,159.42,1414506.48,883346.22,531160.26
546140086,20131107,20,10,1,3843,81.73,56.67,314088.39,217782.81,96305.58
215584218,20170607,5,12,1,5016,154.06,90.93,772764.96,456104.88,316660.08
407220542,20160529,44,3,2,4463,205.7,117.11,918039.1,522661.93,395377.17
956969964,20160424,21,12,2,7533,154.06,90.93,1160533.98,684975.69,475558.29
399256312,20141211,42,6,2,7670,9.33,6.92,71561.1,53076.4,18484.7
488815915,20110303,9,11,1,347,152.58,97.44,52945.26,33811.68,19133.58
530262696,20120429,26,4,1,5370,109.28,35.84,586833.6,192460.8,394372.8
243521249,20160226,45,5,2,2204,437.2,263.33,963588.8,580379.32,383209.48
878614270,20110127,20,5,2,342,437.2,263.33,149522.4,90058.86,59463.54
954341828,20140523,12,12,1,9809,154.06,90.93,1511174.54,891932.37,619242.17
607620608,20100912,30,2,2,7296,47.45,31.79,346195.2,231939.84,114255.36
561534678,20140102,10,10,2,9445,81.73,56.67,771939.85,535248.15,236691.7
768676316,20140106,19,12,1,7259,154.06,90.93,1118321.54,660060.87,458260.67
337354791,20111209,34,5,1,9634,437.2,263.33,4211984.8,2536921.22,1675063.58
917874085,20120912,34,8,1,8194,421.89,364.69,3456966.66,2988269.86,468696.8
176050603,20130908,35,3,2,6140,205.7,117.11,1262998.0,719055.4,543942.6
930296790,20100220,26,8,1,4348,421.89,364.69,1834377.72,1585672.12,248705.6
273940503,20110914,37,3,2,3937,205.7,117.11,809840.9,461062.07,348778.83
656244552,20140528,18,6,1,6201,9.33,6.92,57855.33,42910.92,14944.41
666483724,20140728,28,7,2,6199,668.27,502.54,4142605.73,3115245.46,1027360.27
422568786,20160515,29,8,2,6349,421.89,364.69,2678579.61,2315416.81,363162.8
969195258,20120826,12,12,2,5269,154.06,90.93,811742.14,479110.17,332631.97
857457864,20110729,33,9,2,9691,651.21,524.96,6310876.11,5087387.36,1223488.75
495631301,20120605,19,12,2,7171,154.06,90.93,1104764.26,652059.03,452705.23
224647080,20140623,41,9,1,6918,651.21,524.96,4505070.78,3631673.28,873397.5
883504474,20140803,3,9,1,7462,651.21,524.96,4859329.02,3917251.52,942077.5
575552117,20150403,4,9,1,7516,651.21,524.96,4894494.36,3945599.36,948895.0
141764247,20130715,2,1,1,46,255.28,159.42,11742.88,7333.32,4409.56
608374631,20160411,22,12,1,428,154.06,90.93,65937.68,38918.04,27019.64
200432097,20120117,36,7,2,1167,668.27,502.54,779871.09,586464.18,193406.91
884462773,20100821,37,11,1,1044,152.58,97.44,159293.52,101727.36,57566.16
885046851,20100619,11,9,1,3886,651.21,524.96,2530602.06,2039994.56,490607.5
527079236,20120614,11,12,2,3314,154.06,90.93,510554.84,301342.02,209212.82
161812150,20121109,12,4,2,2666,109.28,35.84,291340.48,95549.44,195791.04
689349019,20130610,19,5,1,2548,437.2,263.33,1113985.6,670964.84,443020.76
677851569,20110222,22,7,1,198,668.27,502.54,132317.46,99502.92,32814.54
538430345,20150121,19,4,1,2359,109.28,35.84,257791.52,84546.56,173244.96
797461354,20100130,45,2,2,5391,47.45,31.79,255802.95,171379.89,84423.06
347609412,20140910,45,5,1,4205,437.2,263.33,1838426.0,1107302.65,731123.35
473845756,20111112,38,10,1,344,81.73,56.67,28115.12,19494.48,8620.64
180479466,20110105,5,12,2,6740,154.06,90.93,1038364.4,612868.2,425496.2
634033286,20140114,34,10,1,3394,81.73,56.67,277391.62,192337.98,85053.64
559183347,20140414,46,3,1,3633,205.7,117.11,747308.1,425460.63,321847.47
781416594,20151109,3,8,1,7390,421.89,364.69,3117767.1,2695059.1,422708.0
713357150,20120509,12,4,1,7088,109.28,35.84,774576.64,254033.92,520542.72
906794202,20140422,14,4,2,9410,109.28,35.84,1028324.8,337254.4,691070.4
